{
  "type": "FeatureCollection",
  "features": [
    {
      "type": "Feature",
      "properties": {
        "STATE_NAME": "New South Wales",
        "STATE_CODE": "1"
      },
      "geometry": {
        "type": "MultiPolygon",
        "coordinates": [
          [
            [
              [
                159.064657,
                -31.509666
              ],
              [
                159.06874,
                -31.595697
              ],
              [
                159.03796,
                -31.512156
              ],
              [
                159.064657,
                -31.509666
              ]
            ]
          ],
          [
            [
              [
                151.14555,
                -33.824079
              ],
              [
                151.143844,
                -33.829174
              ],
              [
                151.169325,
                -33.839309
              ],
              [
                151.180206,
                -33.836165
              ],
              [
                151.174277,
                -33.843006
              ],
              [
                151.135902,
                -33.836469
              ],
              [
                151.133837,
                -33.844837
              ],
              [
                151.092828,
                -33.819609
              ],
              [
                151.051336,
                -33.823662
              ],
              [
                151.189337,
                -33.87584
              ],
              [
                151.266971,
                -33.870651
              ],
              [
                151.281068,
                -33.832821
              ],
              [
                151.265965,
                -33.96803
              ],
              [
                151.118302,
                -33.990491
              ],
              [
                151.230295,
                -34.026401
              ],
              [
                151.061128,
                -34.064351
              ],
              [
                151.171761,
                -34.086503
              ],
              [
                150.928023,
                -34.316624
              ],
              [
                150.921906,
                -34.493851
              ],
              [
                150.796795,
                -34.546199
              ],
              [
                150.904456,
                -34.596968
              ],
              [
                150.749538,
                -34.85516
              ],
              [
                150.833758,
                -35.074355
              ],
              [
                150.750987,
                -34.990845
              ],
              [
                150.67113,
                -35.037153
              ],
              [
                150.701604,
                -35.122862
              ],
              [
                150.58714,
                -35.088315
              ],
              [
                150.549499,
                -35.10304
              ],
              [
                150.59742,
                -35.190064
              ],
              [
                150.478024,
                -35.291824
              ],
              [
                150.406331,
                -35.533928
              ],
              [
                150.2766,
                -35.723524
              ],
              [
                150.177263,
                -35.703075
              ],
              [
                150.237153,
                -35.801716
              ],
              [
                150.150243,
                -35.891139
              ],
              [
                150.148569,
                -36.266969
              ],
              [
                149.904788,
                -36.914648
              ],
              [
                149.944652,
                -37.053996
              ],
              [
                149.872514,
                -37.083208
              ],
              [
                150.004869,
                -37.141269
              ],
              [
                150.051842,
                -37.262255
              ],
              [
                149.944008,
                -37.277729
              ],
              [
                149.976679,
                -37.50506
              ],
              [
                148.108888,
                -36.800865
              ],
              [
                148.217563,
                -36.598239
              ],
              [
                148.037583,
                -36.390225
              ],
              [
                147.999692,
                -36.046204
              ],
              [
                147.708415,
                -35.928545
              ],
              [
                147.551873,
                -36.004095
              ],
              [
                147.404631,
                -35.943495
              ],
              [
                147.319949,
                -36.060987
              ],
              [
                147.123357,
                -35.994498
              ],
              [
                147.052963,
                -36.107881
              ],
              [
                146.943705,
                -36.115989
              ],
              [
                146.61252,
                -35.972858
              ],
              [
                146.185976,
                -36.042071
              ],
              [
                145.902693,
                -35.952496
              ],
              [
                145.811662,
                -35.991769
              ],
              [
                145.535398,
                -35.801983
              ],
              [
                145.3554,
                -35.867067
              ],
              [
                145.114092,
                -35.820548
              ],
              [
                144.968187,
                -35.865528
              ],
              [
                144.923606,
                -35.988768
              ],
              [
                144.981909,
                -36.072316
              ],
              [
                144.777064,
                -36.129837
              ],
              [
                144.61767,
                -36.077192
              ],
              [
                144.349111,
                -35.767142
              ],
              [
                143.970101,
                -35.500078
              ],
              [
                143.620416,
                -35.387682
              ],
              [
                143.570828,
                -35.206905
              ],
              [
                143.394677,
                -35.192377
              ],
              [
                143.322081,
                -35.036727
              ],
              [
                143.347876,
                -34.791635
              ],
              [
                143.112525,
                -34.680819
              ],
              [
                142.886815,
                -34.679808
              ],
              [
                142.791428,
                -34.546389
              ],
              [
                142.639323,
                -34.780272
              ],
              [
                142.524215,
                -34.75938
              ],
              [
                142.467968,
                -34.564295
              ],
              [
                142.367695,
                -34.530446
              ],
              [
                142.396566,
                -34.337749
              ],
              [
                142.235894,
                -34.306973
              ],
              [
                142.220713,
                -34.182046
              ],
              [
                142.037535,
                -34.099426
              ],
              [
                141.67745,
                -34.101225
              ],
              [
                141.510071,
                -34.216479
              ],
              [
                141.241808,
                -34.061315
              ],
              [
                141.001935,
                -34.039284
              ],
              [
                140.999278,
                -28.999103
              ],
              [
                148.958308,
                -28.999064
              ],
              [
                149.502977,
                -28.574351
              ],
              [
                149.703104,
                -28.633712
              ],
              [
                150.289648,
                -28.537157
              ],
              [
                150.445551,
                -28.665141
              ],
              [
                150.752343,
                -28.633464
              ],
              [
                151.01065,
                -28.740805
              ],
              [
                151.045321,
                -28.844482
              ],
              [
                151.274808,
                -28.938926
              ],
              [
                151.279649,
                -29.100769
              ],
              [
                151.393784,
                -29.177893
              ],
              [
                151.545566,
                -28.952998
              ],
              [
                151.706536,
                -28.871784
              ],
              [
                151.777834,
                -28.959885
              ],
              [
                152.009703,
                -28.907663
              ],
              [
                152.076049,
                -28.708175
              ],
              [
                151.955645,
                -28.518904
              ],
              [
                152.38616,
                -28.368554
              ],
              [
                152.463586,
                -28.259373
              ],
              [
                152.579242,
                -28.338976
              ],
              [
                152.614517,
                -28.269555
              ],
              [
                152.751062,
                -28.363914
              ],
              [
                152.880013,
                -28.309607
              ],
              [
                153.108829,
                -28.357543
              ],
              [
                153.177921,
                -28.24752
              ],
              [
                153.361237,
                -28.24835
              ],
              [
                153.476931,
                -28.15702
              ],
              [
                153.556101,
                -28.168449
              ],
              [
                153.508776,
                -28.190014
              ],
              [
                153.494688,
                -28.220227
              ],
              [
                153.554731,
                -28.236006
              ],
              [
                153.556465,
                -28.170067
              ],
              [
                153.586296,
                -28.258206
              ],
              [
                153.608834,
                -28.843251
              ],
              [
                153.526945,
                -28.872891
              ],
              [
                153.590086,
                -28.877612
              ],
              [
                153.344322,
                -29.296579
              ],
              [
                153.333974,
                -29.674551
              ],
              [
                152.988454,
                -30.731967
              ],
              [
                153.088672,
                -30.911293
              ],
              [
                153.064737,
                -31.056619
              ],
              [
                152.754557,
                -31.845077
              ],
              [
                152.512818,
                -32.116957
              ],
              [
                152.539907,
                -32.443464
              ],
              [
                152.33563,
                -32.527079
              ],
              [
                152.205043,
                -32.70122
              ],
              [
                151.968364,
                -32.654379
              ],
              [
                151.936455,
                -32.736885
              ],
              [
                152.18685,
                -32.741132
              ],
              [
                151.786574,
                -32.919935
              ],
              [
                151.793943,
                -32.882876
              ],
              [
                151.774851,
                -32.902307
              ],
              [
                151.774609,
                -32.889578
              ],
              [
                151.733832,
                -32.877639
              ],
              [
                151.763509,
                -32.924458
              ],
              [
                151.785514,
                -32.925525
              ],
              [
                151.803968,
                -32.915741
              ],
              [
                151.66112,
                -33.08383
              ],
              [
                151.643898,
                -32.974847
              ],
              [
                151.60807,
                -32.966099
              ],
              [
                151.613787,
                -33.082133
              ],
              [
                151.509848,
                -33.137719
              ],
              [
                151.56787,
                -33.175275
              ],
              [
                151.58141,
                -33.102652
              ],
              [
                151.597195,
                -33.161559
              ],
              [
                151.636071,
                -33.069334
              ],
              [
                151.638668,
                -33.175835
              ],
              [
                151.503129,
                -33.343895
              ],
              [
                151.562175,
                -33.237346
              ],
              [
                151.441615,
                -33.30706
              ],
              [
                151.504443,
                -33.362511
              ],
              [
                151.417169,
                -33.523284
              ],
              [
                151.258662,
                -33.570636
              ],
              [
                151.237478,
                -33.453752
              ],
              [
                151.199445,
                -33.536131
              ],
              [
                151.166434,
                -33.426707
              ],
              [
                151.07276,
                -33.449154
              ],
              [
                151.15553,
                -33.467097
              ],
              [
                151.102778,
                -33.587778
              ],
              [
                151.175085,
                -33.514246
              ],
              [
                151.24708,
                -33.579071
              ],
              [
                151.186312,
                -33.592116
              ],
              [
                151.149449,
                -33.655463
              ],
              [
                151.292976,
                -33.571875
              ],
              [
                151.269812,
                -33.656249
              ],
              [
                151.312041,
                -33.666731
              ],
              [
                151.30467,
                -33.635343
              ],
              [
                151.332148,
                -33.623364
              ],
              [
                151.315979,
                -33.601569
              ],
              [
                151.335315,
                -33.582332
              ],
              [
                151.343021,
                -33.624508
              ],
              [
                151.300198,
                -33.727048
              ],
              [
                151.317714,
                -33.74198
              ],
              [
                151.291375,
                -33.746666
              ],
              [
                151.301448,
                -33.823391
              ],
              [
                151.204366,
                -33.772481
              ],
              [
                151.246701,
                -33.853448
              ],
              [
                151.14555,
                -33.824079
              ]
            ],
            [
              [
                151.145228,
                -33.819212
              ],
              [
                151.144157,
                -33.802992
              ],
              [
                151.136883,
                -33.815139
              ],
              [
                151.145228,
                -33.819212
              ]
            ],
            [
              [
                151.293206,
                -33.721428
              ],
              [
                151.297748,
                -33.703626
              ],
              [
                151.293722,
                -33.714532
              ],
              [
                151.28119,
                -33.708689
              ],
              [
                151.269693,
                -33.714981
              ],
              [
                151.293206,
                -33.721428
              ]
            ],
            [
              [
                151.685247,
                -32.824087
              ],
              [
                151.783752,
                -32.884307
              ],
              [
                151.818614,
                -32.830965
              ],
              [
                151.685247,
                -32.824087
              ]
            ],
            [
              [
                151.700776,
                -32.851517
              ],
              [
                151.711837,
                -32.871054
              ],
              [
                151.732806,
                -32.879605
              ],
              [
                151.700776,
                -32.851517
              ]
            ],
            [
              [
                151.568557,
                -33.232948
              ],
              [
                151.557077,
                -33.197317
              ],
              [
                151.554302,
                -33.227804
              ],
              [
                151.568557,
                -33.232948
              ]
            ],
            [
              [
                151.455178,
                -33.417566
              ],
              [
                151.44399,
                -33.423311
              ],
              [
                151.448047,
                -33.429788
              ],
              [
                151.455178,
                -33.417566
              ]
            ],
            [
              [
                151.435641,
                -33.456501
              ],
              [
                151.422558,
                -33.460044
              ],
              [
                151.425744,
                -33.471373
              ],
              [
                151.435641,
                -33.456501
              ]
            ],
            [
              [
                151.333613,
                -33.502023
              ],
              [
                151.352561,
                -33.488875
              ],
              [
                151.369466,
                -33.438742
              ],
              [
                151.318424,
                -33.431432
              ],
              [
                151.333613,
                -33.502023
              ]
            ],
            [
              [
                151.304525,
                -33.481579
              ],
              [
                151.323983,
                -33.482929
              ],
              [
                151.307118,
                -33.467896
              ],
              [
                151.304525,
                -33.481579
              ]
            ],
            [
              [
                151.061823,
                -33.975238
              ],
              [
                151.048829,
                -34.02058
              ],
              [
                151.11551,
                -33.997327
              ],
              [
                151.061823,
                -33.975238
              ]
            ],
            [
              [
                151.015331,
                -33.982597
              ],
              [
                151.046513,
                -33.970533
              ],
              [
                151.044672,
                -33.947705
              ],
              [
                151.015331,
                -33.982597
              ]
            ],
            [
              [
                149.399284,
                -35.319175
              ],
              [
                149.120902,
                -35.124517
              ],
              [
                148.807854,
                -35.309647
              ],
              [
                148.767495,
                -35.647323
              ],
              [
                148.855652,
                -35.760874
              ],
              [
                148.886633,
                -35.719136
              ],
              [
                148.959133,
                -35.895456
              ],
              [
                149.048811,
                -35.92041
              ],
              [
                149.095682,
                -35.845716
              ],
              [
                149.146586,
                -35.414836
              ],
              [
                149.399284,
                -35.319175
              ]
            ]
          ],
          [
            [
              [
                152.328627,
                -32.617406
              ],
              [
                152.312026,
                -32.626782
              ],
              [
                152.305258,
                -32.607247
              ],
              [
                152.328627,
                -32.617406
              ]
            ]
          ],
          [
            [
              [
                152.2287,
                -32.687163
              ],
              [
                152.223921,
                -32.692407
              ],
              [
                152.222668,
                -32.684061
              ],
              [
                152.2287,
                -32.687163
              ]
            ]
          ],
          [
            [
              [
                152.203513,
                -32.747611
              ],
              [
                152.184939,
                -32.749721
              ],
              [
                152.192662,
                -32.739777
              ],
              [
                152.203513,
                -32.747611
              ]
            ]
          ],
          [
            [
              [
                151.982089,
                -32.670746
              ],
              [
                151.979795,
                -32.677524
              ],
              [
                151.973989,
                -32.665379
              ],
              [
                151.982089,
                -32.670746
              ]
            ]
          ],
          [
            [
              [
                151.975014,
                -32.679871
              ],
              [
                151.965513,
                -32.674177
              ],
              [
                151.969517,
                -32.667628
              ],
              [
                151.975014,
                -32.679871
              ]
            ]
          ],
          [
            [
              [
                150.421112,
                -35.531174
              ],
              [
                150.411333,
                -35.530274
              ],
              [
                150.42057,
                -35.525966
              ],
              [
                150.421112,
                -35.531174
              ]
            ]
          ],
          [
            [
              [
                150.224006,
                -36.243903
              ],
              [
                150.22909,
                -36.258943
              ],
              [
                150.222919,
                -36.25637
              ],
              [
                150.224006,
                -36.243903
              ]
            ]
          ]
        ]
      }
    },
    {
      "type": "Feature",
      "properties": {
        "STATE_NAME": "Victoria",
        "STATE_CODE": "2"
      },
      "geometry": {
        "type": "MultiPolygon",
        "coordinates": [
          [
            [
              [
                145.234486,
                -38.409689
              ],
              [
                144.887256,
                -38.498852
              ],
              [
                144.651908,
                -38.304077
              ],
              [
                144.923174,
                -38.349256
              ],
              [
                145.118468,
                -38.145695
              ],
              [
                145.099517,
                -38.026878
              ],
              [
                144.897148,
                -37.842552
              ],
              [
                144.506846,
                -38.091508
              ],
              [
                144.361606,
                -38.105136
              ],
              [
                144.478136,
                -38.164482
              ],
              [
                144.692223,
                -38.119967
              ],
              [
                144.706371,
                -38.21022
              ],
              [
                144.623171,
                -38.251465
              ],
              [
                144.672246,
                -38.265268
              ],
              [
                144.332286,
                -38.323258
              ],
              [
                143.510919,
                -38.85758
              ],
              [
                142.372518,
                -38.349483
              ],
              [
                142.1458,
                -38.391487
              ],
              [
                141.742014,
                -38.253109
              ],
              [
                141.601621,
                -38.313185
              ],
              [
                141.626417,
                -38.406344
              ],
              [
                141.374319,
                -38.386757
              ],
              [
                141.29528,
                -38.220641
              ],
              [
                140.965735,
                -38.055989
              ],
              [
                140.963616,
                -33.980648
              ],
              [
                141.023262,
                -34.059699
              ],
              [
                141.494967,
                -34.154611
              ],
              [
                141.510071,
                -34.216479
              ],
              [
                141.729691,
                -34.090896
              ],
              [
                142.165577,
                -34.152124
              ],
              [
                142.235894,
                -34.306973
              ],
              [
                142.396798,
                -34.338095
              ],
              [
                142.367695,
                -34.530446
              ],
              [
                142.467968,
                -34.564295
              ],
              [
                142.556744,
                -34.775373
              ],
              [
                142.698961,
                -34.725138
              ],
              [
                142.689383,
                -34.61664
              ],
              [
                142.791428,
                -34.546389
              ],
              [
                142.886815,
                -34.679808
              ],
              [
                143.112525,
                -34.680819
              ],
              [
                143.347876,
                -34.791635
              ],
              [
                143.322081,
                -35.036727
              ],
              [
                143.394677,
                -35.192377
              ],
              [
                143.570828,
                -35.206905
              ],
              [
                143.620416,
                -35.387682
              ],
              [
                143.970101,
                -35.500078
              ],
              [
                144.726379,
                -36.117781
              ],
              [
                144.981909,
                -36.072316
              ],
              [
                144.923606,
                -35.988768
              ],
              [
                144.992263,
                -35.852338
              ],
              [
                145.535398,
                -35.801983
              ],
              [
                145.811662,
                -35.991769
              ],
              [
                146.368684,
                -36.050862
              ],
              [
                146.502585,
                -35.958235
              ],
              [
                146.943705,
                -36.115989
              ],
              [
                147.052963,
                -36.107881
              ],
              [
                147.123357,
                -35.994498
              ],
              [
                147.319949,
                -36.060987
              ],
              [
                147.404631,
                -35.943495
              ],
              [
                147.912342,
                -35.995198
              ],
              [
                148.037726,
                -36.140797
              ],
              [
                148.037583,
                -36.390225
              ],
              [
                148.217563,
                -36.598239
              ],
              [
                148.108888,
                -36.800865
              ],
              [
                149.976679,
                -37.50506
              ],
              [
                149.775248,
                -37.557838
              ],
              [
                149.484958,
                -37.775441
              ],
              [
                148.289615,
                -37.810988
              ],
              [
                147.788216,
                -37.955322
              ],
              [
                146.883139,
                -38.634634
              ],
              [
                146.925517,
                -38.594225
              ],
              [
                146.815353,
                -38.648874
              ],
              [
                146.712913,
                -38.647777
              ],
              [
                146.697708,
                -38.67535
              ],
              [
                146.65312,
                -38.642985
              ],
              [
                146.551209,
                -38.703789
              ],
              [
                146.212059,
                -38.692854
              ],
              [
                146.292616,
                -38.904551
              ],
              [
                146.478636,
                -38.79178
              ],
              [
                146.42651,
                -39.129986
              ],
              [
                146.345818,
                -39.125384
              ],
              [
                146.133534,
                -38.837409
              ],
              [
                146.033608,
                -38.813189
              ],
              [
                145.921197,
                -38.90961
              ],
              [
                145.765547,
                -38.666752
              ],
              [
                145.606696,
                -38.678782
              ],
              [
                145.372012,
                -38.536297
              ],
              [
                145.416381,
                -38.406995
              ],
              [
                145.548933,
                -38.371688
              ],
              [
                145.488988,
                -38.233414
              ],
              [
                145.254773,
                -38.223062
              ],
              [
                145.183986,
                -38.374587
              ],
              [
                145.234486,
                -38.409689
              ]
            ],
            [
              [
                146.79191,
                -38.632399
              ],
              [
                146.825352,
                -38.609723
              ],
              [
                146.798097,
                -38.620209
              ],
              [
                146.79191,
                -38.632399
              ]
            ]
          ],
          [
            [
              [
                149.918469,
                -37.568333
              ],
              [
                149.906303,
                -37.567536
              ],
              [
                149.904809,
                -37.548305
              ],
              [
                149.918469,
                -37.568333
              ]
            ]
          ],
          [
            [
              [
                146.879039,
                -38.638149
              ],
              [
                146.828437,
                -38.679496
              ],
              [
                146.835528,
                -38.654171
              ],
              [
                146.879039,
                -38.638149
              ]
            ]
          ],
          [
            [
              [
                146.798672,
                -38.675767
              ],
              [
                146.787947,
                -38.68068
              ],
              [
                146.752869,
                -38.689586
              ],
              [
                146.798672,
                -38.675767
              ]
            ]
          ],
          [
            [
              [
                146.815451,
                -38.659376
              ],
              [
                146.786029,
                -38.669118
              ],
              [
                146.794058,
                -38.65682
              ],
              [
                146.815451,
                -38.659376
              ]
            ]
          ],
          [
            [
              [
                146.727793,
                -38.661227
              ],
              [
                146.71549,
                -38.683892
              ],
              [
                146.709894,
                -38.676575
              ],
              [
                146.727793,
                -38.661227
              ]
            ]
          ],
          [
            [
              [
                146.715739,
                -38.687077
              ],
              [
                146.696231,
                -38.690865
              ],
              [
                146.707733,
                -38.67673
              ],
              [
                146.715739,
                -38.687077
              ]
            ]
          ],
          [
            [
              [
                146.685401,
                -38.677859
              ],
              [
                146.683364,
                -38.689702
              ],
              [
                146.668862,
                -38.684012
              ],
              [
                146.685401,
                -38.677859
              ]
            ]
          ],
          [
            [
              [
                146.677547,
                -38.708481
              ],
              [
                146.602819,
                -38.726884
              ],
              [
                146.585294,
                -38.715426
              ],
              [
                146.618435,
                -38.697518
              ],
              [
                146.677547,
                -38.708481
              ]
            ]
          ],
          [
            [
              [
                146.669254,
                -38.718406
              ],
              [
                146.652636,
                -38.727206
              ],
              [
                146.62974,
                -38.724665
              ],
              [
                146.669254,
                -38.718406
              ]
            ]
          ],
          [
            [
              [
                146.620487,
                -38.75788
              ],
              [
                146.54534,
                -38.790889
              ],
              [
                146.494759,
                -38.774837
              ],
              [
                146.464605,
                -38.739122
              ],
              [
                146.620487,
                -38.75788
              ]
            ]
          ],
          [
            [
              [
                146.623101,
                -38.757696
              ],
              [
                146.667725,
                -38.747737
              ],
              [
                146.656002,
                -38.755387
              ],
              [
                146.623101,
                -38.757696
              ]
            ]
          ],
          [
            [
              [
                146.634077,
                -38.697163
              ],
              [
                146.621698,
                -38.694456
              ],
              [
                146.626852,
                -38.690059
              ],
              [
                146.634077,
                -38.697163
              ]
            ]
          ],
          [
            [
              [
                146.451102,
                -38.710531
              ],
              [
                146.493338,
                -38.725194
              ],
              [
                146.438615,
                -38.727515
              ],
              [
                146.451102,
                -38.710531
              ]
            ]
          ],
          [
            [
              [
                146.329832,
                -39.141577
              ],
              [
                146.325447,
                -39.14728
              ],
              [
                146.312072,
                -39.134765
              ],
              [
                146.329832,
                -39.141577
              ]
            ]
          ],
          [
            [
              [
                146.24111,
                -39.016688
              ],
              [
                146.240787,
                -39.029639
              ],
              [
                146.236406,
                -39.022245
              ],
              [
                146.24111,
                -39.016688
              ]
            ]
          ],
          [
            [
              [
                146.241476,
                -39.089053
              ],
              [
                146.23555,
                -39.097594
              ],
              [
                146.222171,
                -39.07132
              ],
              [
                146.241476,
                -39.089053
              ]
            ]
          ],
          [
            [
              [
                145.503419,
                -38.354364
              ],
              [
                145.352532,
                -38.419991
              ],
              [
                145.265575,
                -38.402882
              ],
              [
                145.297026,
                -38.282054
              ],
              [
                145.503419,
                -38.354364
              ]
            ]
          ],
          [
            [
              [
                145.364351,
                -38.553403
              ],
              [
                145.271133,
                -38.504866
              ],
              [
                145.116156,
                -38.518351
              ],
              [
                145.200057,
                -38.451025
              ],
              [
                145.290603,
                -38.450182
              ],
              [
                145.364351,
                -38.553403
              ]
            ]
          ],
          [
            [
              [
                145.346151,
                -38.508609
              ],
              [
                145.332958,
                -38.499493
              ],
              [
                145.336761,
                -38.493663
              ],
              [
                145.346151,
                -38.508609
              ]
            ]
          ],
          [
            [
              [
                144.67872,
                -38.237599
              ],
              [
                144.672019,
                -38.264367
              ],
              [
                144.663095,
                -38.252993
              ],
              [
                144.67872,
                -38.237599
              ]
            ]
          ],
          [
            [
              [
                142.014239,
                -38.412576
              ],
              [
                141.999012,
                -38.425446
              ],
              [
                141.993481,
                -38.417372
              ],
              [
                142.014239,
                -38.412576
              ]
            ]
          ]
        ]
      }
    },
    {
      "type": "Feature",
      "properties": {
        "STATE_NAME": "Queensland",
        "STATE_CODE": "3"
      },
      "geometry": {
        "type": "MultiPolygon",
        "coordinates": [
          [
            [
              [
                141.663509,
                -15.003962
              ],
              [
                141.590263,
                -14.857313
              ],
              [
                141.52561,
                -14.487086
              ],
              [
                141.599046,
                -14.101668
              ],
              [
                141.467192,
                -13.864249
              ],
              [
                141.523282,
                -13.572129
              ],
              [
                141.69539,
                -13.270078
              ],
              [
                141.583162,
                -12.996721
              ],
              [
                141.893743,
                -12.593527
              ],
              [
                141.709417,
                -12.518951
              ],
              [
                141.591918,
                -12.558962
              ],
              [
                141.85044,
                -11.984452
              ],
              [
                141.90902,
                -11.955462
              ],
              [
                141.915249,
                -12.165088
              ],
              [
                142.012235,
                -12.039111
              ],
              [
                141.942175,
                -11.945512
              ],
              [
                142.119961,
                -11.368544
              ],
              [
                142.132786,
                -10.948445
              ],
              [
                142.315016,
                -10.915153
              ],
              [
                142.438257,
                -10.708162
              ],
              [
                142.530935,
                -10.687543
              ],
              [
                142.609273,
                -10.749023
              ],
              [
                142.482115,
                -10.978373
              ],
              [
                142.589235,
                -10.868152
              ],
              [
                142.614774,
                -10.941882
              ],
              [
                142.786058,
                -11.074181
              ],
              [
                142.868658,
                -11.381579
              ],
              [
                142.856358,
                -11.845518
              ],
              [
                143.244062,
                -11.968728
              ],
              [
                143.078709,
                -12.159225
              ],
              [
                143.078573,
                -12.337485
              ],
              [
                143.24737,
                -12.379146
              ],
              [
                143.30315,
                -12.551605
              ],
              [
                143.438448,
                -12.611814
              ],
              [
                143.351337,
                -12.899033
              ],
              [
                143.401416,
                -12.900213
              ],
              [
                143.449499,
                -12.848823
              ],
              [
                143.544117,
                -12.842773
              ],
              [
                143.515869,
                -13.259291
              ],
              [
                143.598187,
                -13.42231
              ],
              [
                143.53174,
                -13.754558
              ],
              [
                143.781071,
                -14.399224
              ],
              [
                144.029259,
                -14.481322
              ],
              [
                144.168306,
                -14.381412
              ],
              [
                144.196065,
                -14.260973
              ],
              [
                144.343043,
                -14.307922
              ],
              [
                144.51621,
                -14.166643
              ],
              [
                144.692962,
                -14.567079
              ],
              [
                144.910229,
                -14.614048
              ],
              [
                144.956112,
                -14.744837
              ],
              [
                145.351825,
                -14.951025
              ],
              [
                145.23379,
                -15.139043
              ],
              [
                145.263337,
                -15.251053
              ],
              [
                145.356166,
                -15.276531
              ],
              [
                145.228487,
                -15.461961
              ],
              [
                145.476887,
                -16.076101
              ],
              [
                145.410108,
                -16.45929
              ],
              [
                145.779215,
                -16.940451
              ],
              [
                145.848883,
                -16.871187
              ],
              [
                145.95765,
                -16.896578
              ],
              [
                145.889406,
                -17.057605
              ],
              [
                146.073196,
                -17.394723
              ],
              [
                146.076972,
                -17.504552
              ],
              [
                146.032707,
                -17.512255
              ],
              [
                146.027815,
                -17.550271
              ],
              [
                146.068176,
                -17.510403
              ],
              [
                146.149046,
                -17.648552
              ],
              [
                146.016188,
                -18.245019
              ],
              [
                146.189373,
                -18.473828
              ],
              [
                146.337881,
                -18.526627
              ],
              [
                146.289834,
                -18.891896
              ],
              [
                146.454158,
                -19.073694
              ],
              [
                146.767909,
                -19.184747
              ],
              [
                146.882572,
                -19.303572
              ],
              [
                146.95803,
                -19.308763
              ],
              [
                147.016266,
                -19.182294
              ],
              [
                147.1261,
                -19.422471
              ],
              [
                147.441009,
                -19.421161
              ],
              [
                147.421087,
                -19.322341
              ],
              [
                147.671351,
                -19.828357
              ],
              [
                147.760707,
                -19.841212
              ],
              [
                147.752342,
                -19.706598
              ],
              [
                147.82355,
                -19.709652
              ],
              [
                147.917833,
                -19.908314
              ],
              [
                148.080109,
                -19.881865
              ],
              [
                148.260137,
                -19.976814
              ],
              [
                148.230578,
                -20.045324
              ],
              [
                148.352527,
                -20.162703
              ],
              [
                148.465955,
                -20.138392
              ],
              [
                148.452014,
                -20.059357
              ],
              [
                148.562873,
                -20.066731
              ],
              [
                148.582644,
                -20.197641
              ],
              [
                148.677932,
                -20.17869
              ],
              [
                148.673151,
                -20.282328
              ],
              [
                148.769282,
                -20.23596
              ],
              [
                148.930143,
                -20.533787
              ],
              [
                148.85686,
                -20.527893
              ],
              [
                148.824021,
                -20.426102
              ],
              [
                148.75613,
                -20.41892
              ],
              [
                148.763609,
                -20.479701
              ],
              [
                148.736461,
                -20.482013
              ],
              [
                148.692808,
                -20.441293
              ],
              [
                148.680172,
                -20.441259
              ],
              [
                148.662046,
                -20.585768
              ],
              [
                148.843075,
                -20.875967
              ],
              [
                149.046113,
                -20.903015
              ],
              [
                149.014244,
                -20.991906
              ],
              [
                149.227032,
                -21.062793
              ],
              [
                149.222753,
                -21.147693
              ],
              [
                149.216853,
                -21.122653
              ],
              [
                149.199243,
                -21.137633
              ],
              [
                149.163474,
                -21.132023
              ],
              [
                149.152814,
                -21.143013
              ],
              [
                149.215163,
                -21.145353
              ],
              [
                149.179245,
                -21.284683
              ],
              [
                149.298663,
                -21.273292
              ],
              [
                149.290455,
                -21.506842
              ],
              [
                149.395788,
                -21.493103
              ],
              [
                149.443393,
                -21.593361
              ],
              [
                149.484592,
                -21.531711
              ],
              [
                149.479704,
                -21.74289
              ],
              [
                149.425215,
                -21.743441
              ],
              [
                149.42165,
                -21.771692
              ],
              [
                149.465416,
                -21.92568
              ],
              [
                149.597293,
                -22.281469
              ],
              [
                149.766696,
                -22.371347
              ],
              [
                149.746857,
                -22.386997
              ],
              [
                149.752103,
                -22.436384
              ],
              [
                149.811071,
                -22.382068
              ],
              [
                149.96283,
                -22.539457
              ],
              [
                149.99137,
                -22.601826
              ],
              [
                150.018199,
                -22.639636
              ],
              [
                150.046749,
                -22.661066
              ],
              [
                149.912858,
                -22.342687
              ],
              [
                150.042988,
                -22.126106
              ],
              [
                150.177423,
                -22.360496
              ],
              [
                150.548565,
                -22.617093
              ],
              [
                150.561946,
                -22.316763
              ],
              [
                150.64579,
                -22.345502
              ],
              [
                150.627336,
                -22.441673
              ],
              [
                150.667129,
                -22.346542
              ],
              [
                150.753324,
                -22.446292
              ],
              [
                150.723931,
                -22.518601
              ],
              [
                150.644267,
                -22.474283
              ],
              [
                150.707253,
                -22.636196
              ],
              [
                150.783941,
                -22.529159
              ],
              [
                150.835158,
                -22.684207
              ],
              [
                150.749647,
                -23.128814
              ],
              [
                150.828377,
                -23.236169
              ],
              [
                150.767831,
                -23.303035
              ],
              [
                150.871371,
                -23.480594
              ],
              [
                150.789945,
                -23.510082
              ],
              [
                150.878143,
                -23.552292
              ],
              [
                150.857223,
                -23.620772
              ],
              [
                150.934553,
                -23.543952
              ],
              [
                150.92531,
                -23.622773
              ],
              [
                151.026551,
                -23.572012
              ],
              [
                151.040249,
                -23.636971
              ],
              [
                151.121765,
                -23.671403
              ],
              [
                151.17292,
                -23.815879
              ],
              [
                151.426636,
                -23.987175
              ],
              [
                151.424559,
                -24.04602
              ],
              [
                151.437907,
                -24.076862
              ],
              [
                151.493784,
                -24.067012
              ],
              [
                151.440501,
                -23.992033
              ],
              [
                151.543937,
                -24.029292
              ],
              [
                151.501059,
                -24.045001
              ],
              [
                151.545417,
                -24.113282
              ],
              [
                151.573657,
                -24.035722
              ],
              [
                151.682465,
                -24.104111
              ],
              [
                151.677475,
                -24.049582
              ],
              [
                151.610556,
                -23.979251
              ],
              [
                151.730299,
                -24.022499
              ],
              [
                151.715844,
                -24.087261
              ],
              [
                151.764638,
                -24.015229
              ],
              [
                152.044022,
                -24.52505
              ],
              [
                152.468174,
                -24.816086
              ],
              [
                152.533678,
                -25.089609
              ],
              [
                152.633032,
                -25.151782
              ],
              [
                152.555448,
                -25.171668
              ],
              [
                152.540259,
                -25.190003
              ],
              [
                152.54703,
                -25.205
              ],
              [
                152.914399,
                -25.293372
              ],
              [
                152.924357,
                -25.430789
              ],
              [
                152.823736,
                -25.494003
              ],
              [
                152.956344,
                -25.433649
              ],
              [
                152.861913,
                -25.553437
              ],
              [
                152.976007,
                -25.771169
              ],
              [
                152.936701,
                -25.815048
              ],
              [
                153.020496,
                -25.829565
              ],
              [
                152.999139,
                -25.969023
              ],
              [
                153.046437,
                -25.808007
              ],
              [
                153.192335,
                -25.932922
              ],
              [
                153.061367,
                -26.313167
              ],
              [
                153.151353,
                -26.802186
              ],
              [
                153.124729,
                -26.806371
              ],
              [
                153.092061,
                -26.895315
              ],
              [
                153.061082,
                -26.892914
              ],
              [
                153.065016,
                -26.976283
              ],
              [
                153.024597,
                -26.988098
              ],
              [
                153.144158,
                -27.075363
              ],
              [
                153.022017,
                -27.124097
              ],
              [
                153.160525,
                -27.377412
              ],
              [
                153.141523,
                -27.415904
              ],
              [
                153.049781,
                -27.440183
              ],
              [
                153.053307,
                -27.460432
              ],
              [
                153.110598,
                -27.443217
              ],
              [
                153.165017,
                -27.400598
              ],
              [
                153.15799,
                -27.39194
              ],
              [
                153.1773,
                -27.362169
              ],
              [
                153.191259,
                -27.367309
              ],
              [
                153.165137,
                -27.397288
              ],
              [
                153.188581,
                -27.475775
              ],
              [
                153.317869,
                -27.581545
              ],
              [
                153.298842,
                -27.710656
              ],
              [
                153.383078,
                -27.708796
              ],
              [
                153.367568,
                -27.648676
              ],
              [
                153.415913,
                -27.641576
              ],
              [
                153.388259,
                -27.657371
              ],
              [
                153.385484,
                -27.708533
              ],
              [
                153.412276,
                -27.740923
              ],
              [
                153.439283,
                -27.73576
              ],
              [
                153.366521,
                -27.800769
              ],
              [
                153.376473,
                -27.845482
              ],
              [
                153.410678,
                -27.870379
              ],
              [
                153.396297,
                -27.886195
              ],
              [
                153.41898,
                -27.982992
              ],
              [
                153.421281,
                -27.940901
              ],
              [
                153.434598,
                -27.934002
              ],
              [
                153.450361,
                -28.083606
              ],
              [
                153.55214,
                -28.164275
              ],
              [
                153.178049,
                -28.247458
              ],
              [
                153.108829,
                -28.357543
              ],
              [
                152.880013,
                -28.309607
              ],
              [
                152.751062,
                -28.363914
              ],
              [
                152.614517,
                -28.269555
              ],
              [
                152.579242,
                -28.338976
              ],
              [
                152.463586,
                -28.259373
              ],
              [
                152.38616,
                -28.368554
              ],
              [
                151.955645,
                -28.518904
              ],
              [
                152.076049,
                -28.708175
              ],
              [
                152.009703,
                -28.907663
              ],
              [
                151.777834,
                -28.959885
              ],
              [
                151.706536,
                -28.871784
              ],
              [
                151.545566,
                -28.952998
              ],
              [
                151.393784,
                -29.177893
              ],
              [
                151.279649,
                -29.100769
              ],
              [
                151.274808,
                -28.938926
              ],
              [
                151.045321,
                -28.844482
              ],
              [
                151.01065,
                -28.740805
              ],
              [
                150.752343,
                -28.633464
              ],
              [
                150.445551,
                -28.665141
              ],
              [
                150.289648,
                -28.537157
              ],
              [
                149.703104,
                -28.633712
              ],
              [
                149.502977,
                -28.574351
              ],
              [
                148.958308,
                -28.999064
              ],
              [
                140.999278,
                -28.999103
              ],
              [
                140.999394,
                -25.996376
              ],
              [
                137.999054,
                -25.996867
              ],
              [
                138.00118,
                -16.544509
              ],
              [
                138.323615,
                -16.750458
              ],
              [
                138.628959,
                -16.767936
              ],
              [
                139.038676,
                -16.912443
              ],
              [
                139.157926,
                -17.029233
              ],
              [
                139.23767,
                -17.319781
              ],
              [
                140.004377,
                -17.714575
              ],
              [
                140.593629,
                -17.597832
              ],
              [
                140.887415,
                -17.382311
              ],
              [
                140.958021,
                -16.998141
              ],
              [
                141.296484,
                -16.49621
              ],
              [
                141.43277,
                -16.074761
              ],
              [
                141.373379,
                -15.916912
              ],
              [
                141.434677,
                -15.657593
              ],
              [
                141.663509,
                -15.003962
              ]
            ],
            [
              [
                141.663264,
                -15.002642
              ],
              [
                141.659633,
                -14.983102
              ],
              [
                141.652643,
                -14.973722
              ],
              [
                141.663264,
                -15.002642
              ]
            ],
            [
              [
                153.428083,
                -27.9887
              ],
              [
                153.414918,
                -27.999034
              ],
              [
                153.42641,
                -27.998556
              ],
              [
                153.428083,
                -27.9887
              ]
            ],
            [
              [
                153.384533,
                -27.873611
              ],
              [
                153.381187,
                -27.861126
              ],
              [
                153.380745,
                -27.873915
              ],
              [
                153.384533,
                -27.873611
              ]
            ],
            [
              [
                153.358452,
                -27.893345
              ],
              [
                153.342355,
                -27.894883
              ],
              [
                153.348841,
                -27.91929
              ],
              [
                153.358452,
                -27.893345
              ]
            ],
            [
              [
                153.380611,
                -27.858976
              ],
              [
                153.36759,
                -27.848937
              ],
              [
                153.360362,
                -27.84854
              ],
              [
                153.380611,
                -27.858976
              ]
            ],
            [
              [
                153.189041,
                -27.489295
              ],
              [
                153.18727,
                -27.491334
              ],
              [
                153.192737,
                -27.495081
              ],
              [
                153.189041,
                -27.489295
              ]
            ],
            [
              [
                153.053158,
                -27.474863
              ],
              [
                153.049071,
                -27.474133
              ],
              [
                153.035625,
                -27.465476
              ],
              [
                153.042924,
                -27.477473
              ],
              [
                153.053158,
                -27.474863
              ]
            ],
            [
              [
                153.031672,
                -27.481851
              ],
              [
                153.030055,
                -27.479401
              ],
              [
                153.016591,
                -27.467591
              ],
              [
                153.003576,
                -27.474761
              ],
              [
                152.994671,
                -27.48996
              ],
              [
                153.020615,
                -27.500563
              ],
              [
                153.000384,
                -27.506686
              ],
              [
                152.997869,
                -27.514944
              ],
              [
                153.023266,
                -27.50033
              ],
              [
                153.005487,
                -27.475966
              ],
              [
                153.031672,
                -27.481851
              ]
            ],
            [
              [
                152.972495,
                -27.505962
              ],
              [
                152.970607,
                -27.504557
              ],
              [
                152.965751,
                -27.51441
              ],
              [
                152.973545,
                -27.542577
              ],
              [
                152.938563,
                -27.525358
              ],
              [
                152.926836,
                -27.529063
              ],
              [
                152.924928,
                -27.540832
              ],
              [
                152.903432,
                -27.544263
              ],
              [
                152.906095,
                -27.554386
              ],
              [
                152.894252,
                -27.560344
              ],
              [
                152.89318,
                -27.577266
              ],
              [
                152.905339,
                -27.600726
              ],
              [
                152.874073,
                -27.57857
              ],
              [
                152.855671,
                -27.595594
              ],
              [
                152.906082,
                -27.601893
              ],
              [
                152.894645,
                -27.579249
              ],
              [
                152.907246,
                -27.555607
              ],
              [
                152.904281,
                -27.544945
              ],
              [
                152.974146,
                -27.544639
              ],
              [
                152.972495,
                -27.505962
              ]
            ],
            [
              [
                152.937083,
                -25.76062
              ],
              [
                152.936869,
                -25.76809
              ],
              [
                152.941918,
                -25.765354
              ],
              [
                152.937083,
                -25.76062
              ]
            ],
            [
              [
                152.523325,
                -25.069521
              ],
              [
                152.523429,
                -25.068824
              ],
              [
                152.507522,
                -25.077532
              ],
              [
                152.523325,
                -25.069521
              ]
            ],
            [
              [
                150.574294,
                -22.482161
              ],
              [
                150.607817,
                -22.500843
              ],
              [
                150.593027,
                -22.475803
              ],
              [
                150.574294,
                -22.482161
              ]
            ],
            [
              [
                142.588755,
                -10.889512
              ],
              [
                142.587955,
                -10.888612
              ],
              [
                142.583365,
                -10.901272
              ],
              [
                142.588755,
                -10.889512
              ]
            ],
            [
              [
                149.451231,
                -21.729296
              ],
              [
                149.435825,
                -21.721941
              ],
              [
                149.432715,
                -21.727041
              ],
              [
                149.451231,
                -21.729296
              ]
            ],
            [
              [
                151.636498,
                -24.000305
              ],
              [
                151.641625,
                -24.002631
              ],
              [
                151.638165,
                -23.996941
              ],
              [
                151.636498,
                -24.000305
              ]
            ]
          ],
          [
            [
              [
                143.587838,
                -13.53238
              ],
              [
                143.585163,
                -13.517198
              ],
              [
                143.591058,
                -13.52464
              ],
              [
                143.587838,
                -13.53238
              ]
            ]
          ],
          [
            [
              [
                147.420305,
                -19.321215
              ],
              [
                147.384578,
                -19.302496
              ],
              [
                147.414341,
                -19.312627
              ],
              [
                147.420305,
                -19.321215
              ]
            ]
          ],
          [
            [
              [
                153.546708,
                -27.434827
              ],
              [
                153.453997,
                -27.728758
              ],
              [
                153.412751,
                -27.738998
              ],
              [
                153.438495,
                -27.394897
              ],
              [
                153.546708,
                -27.434827
              ]
            ]
          ],
          [
            [
              [
                153.468489,
                -27.028478
              ],
              [
                153.419661,
                -27.20357
              ],
              [
                153.427959,
                -27.36364
              ],
              [
                153.3614,
                -27.061041
              ],
              [
                153.468489,
                -27.028478
              ]
            ]
          ],
          [
            [
              [
                153.445354,
                -27.757379
              ],
              [
                153.427189,
                -27.868386
              ],
              [
                153.426455,
                -27.933921
              ],
              [
                153.406535,
                -27.83397
              ],
              [
                153.445354,
                -27.757379
              ]
            ]
          ],
          [
            [
              [
                153.419051,
                -27.931575
              ],
              [
                153.416219,
                -27.940147
              ],
              [
                153.411533,
                -27.931464
              ],
              [
                153.419051,
                -27.931575
              ]
            ]
          ],
          [
            [
              [
                153.397645,
                -27.823099
              ],
              [
                153.390059,
                -27.82992
              ],
              [
                153.382115,
                -27.822919
              ],
              [
                153.397645,
                -27.823099
              ]
            ]
          ],
          [
            [
              [
                153.390463,
                -27.620217
              ],
              [
                153.372437,
                -27.630754
              ],
              [
                153.383042,
                -27.61585
              ],
              [
                153.390463,
                -27.620217
              ]
            ]
          ],
          [
            [
              [
                153.360363,
                -27.61432
              ],
              [
                153.346774,
                -27.622307
              ],
              [
                153.360837,
                -27.580348
              ],
              [
                153.360363,
                -27.61432
              ]
            ]
          ],
          [
            [
              [
                153.35911,
                -27.485742
              ],
              [
                153.345019,
                -27.51423
              ],
              [
                153.336635,
                -27.498094
              ],
              [
                153.35911,
                -27.485742
              ]
            ]
          ],
          [
            [
              [
                153.361765,
                -27.683956
              ],
              [
                153.349681,
                -27.681842
              ],
              [
                153.353855,
                -27.649222
              ],
              [
                153.361765,
                -27.683956
              ]
            ]
          ],
          [
            [
              [
                152.95018,
                -25.573919
              ],
              [
                153.051422,
                -25.34532
              ],
              [
                152.992301,
                -25.220705
              ],
              [
                153.222258,
                -24.995656
              ],
              [
                153.118924,
                -24.815058
              ],
              [
                153.264622,
                -24.697089
              ],
              [
                153.270255,
                -24.893474
              ],
              [
                153.360352,
                -25.006351
              ],
              [
                153.107901,
                -25.560023
              ],
              [
                153.077662,
                -25.79234
              ],
              [
                152.95018,
                -25.573919
              ]
            ]
          ],
          [
            [
              [
                153.352586,
                -27.632497
              ],
              [
                153.347064,
                -27.638539
              ],
              [
                153.335139,
                -27.621186
              ],
              [
                153.352586,
                -27.632497
              ]
            ]
          ],
          [
            [
              [
                153.341562,
                -27.605001
              ],
              [
                153.33683,
                -27.620871
              ],
              [
                153.33344,
                -27.614301
              ],
              [
                153.341562,
                -27.605001
              ]
            ]
          ],
          [
            [
              [
                153.341439,
                -27.648566
              ],
              [
                153.329074,
                -27.670436
              ],
              [
                153.328599,
                -27.635049
              ],
              [
                153.341439,
                -27.648566
              ]
            ]
          ],
          [
            [
              [
                153.326488,
                -27.677403
              ],
              [
                153.327446,
                -27.694839
              ],
              [
                153.31959,
                -27.680217
              ],
              [
                153.326488,
                -27.677403
              ]
            ]
          ],
          [
            [
              [
                153.330106,
                -27.563115
              ],
              [
                153.335164,
                -27.574963
              ],
              [
                153.318673,
                -27.573471
              ],
              [
                153.330106,
                -27.563115
              ]
            ]
          ],
          [
            [
              [
                153.235054,
                -27.37765
              ],
              [
                153.23913,
                -27.397299
              ],
              [
                153.225927,
                -27.391912
              ],
              [
                153.235054,
                -27.37765
              ]
            ]
          ],
          [
            [
              [
                153.207558,
                -27.081683
              ],
              [
                153.079019,
                -26.972384
              ],
              [
                153.129951,
                -26.814082
              ],
              [
                153.141534,
                -26.918363
              ],
              [
                153.207558,
                -27.081683
              ]
            ]
          ],
          [
            [
              [
                153.188501,
                -27.401757
              ],
              [
                153.178023,
                -27.3967
              ],
              [
                153.183789,
                -27.39343
              ],
              [
                153.188501,
                -27.401757
              ]
            ]
          ],
          [
            [
              [
                153.08553,
                -27.008147
              ],
              [
                153.077628,
                -27.0098
              ],
              [
                153.078823,
                -27.001741
              ],
              [
                153.08553,
                -27.008147
              ]
            ]
          ],
          [
            [
              [
                152.988579,
                -25.313966
              ],
              [
                152.959055,
                -25.302812
              ],
              [
                152.943013,
                -25.272831
              ],
              [
                152.988579,
                -25.313966
              ]
            ]
          ],
          [
            [
              [
                152.969339,
                -25.477287
              ],
              [
                152.9612,
                -25.491444
              ],
              [
                152.960351,
                -25.477359
              ],
              [
                152.969339,
                -25.477287
              ]
            ]
          ],
          [
            [
              [
                152.964241,
                -25.620138
              ],
              [
                152.957638,
                -25.637489
              ],
              [
                152.952811,
                -25.616189
              ],
              [
                152.964241,
                -25.620138
              ]
            ]
          ],
          [
            [
              [
                152.909266,
                -25.499854
              ],
              [
                152.935971,
                -25.522798
              ],
              [
                152.915032,
                -25.529163
              ],
              [
                152.909266,
                -25.499854
              ]
            ]
          ],
          [
            [
              [
                152.949727,
                -25.558276
              ],
              [
                152.941926,
                -25.583345
              ],
              [
                152.937963,
                -25.562785
              ],
              [
                152.949727,
                -25.558276
              ]
            ]
          ],
          [
            [
              [
                152.938475,
                -25.61055
              ],
              [
                152.928925,
                -25.598976
              ],
              [
                152.931179,
                -25.586306
              ],
              [
                152.938475,
                -25.61055
              ]
            ]
          ],
          [
            [
              [
                152.930181,
                -25.618306
              ],
              [
                152.927026,
                -25.624367
              ],
              [
                152.921184,
                -25.614228
              ],
              [
                152.930181,
                -25.618306
              ]
            ]
          ],
          [
            [
              [
                152.927744,
                -25.583076
              ],
              [
                152.924186,
                -25.598071
              ],
              [
                152.92036,
                -25.574699
              ],
              [
                152.927744,
                -25.583076
              ]
            ]
          ],
          [
            [
              [
                152.92185,
                -25.560239
              ],
              [
                152.920682,
                -25.568012
              ],
              [
                152.91503,
                -25.562742
              ],
              [
                152.92185,
                -25.560239
              ]
            ]
          ],
          [
            [
              [
                152.912179,
                -25.549367
              ],
              [
                152.906687,
                -25.563753
              ],
              [
                152.902534,
                -25.555341
              ],
              [
                152.912179,
                -25.549367
              ]
            ]
          ],
          [
            [
              [
                152.903871,
                -25.570965
              ],
              [
                152.889168,
                -25.56988
              ],
              [
                152.898518,
                -25.56008
              ],
              [
                152.903871,
                -25.570965
              ]
            ]
          ],
          [
            [
              [
                152.898973,
                -25.578439
              ],
              [
                152.891518,
                -25.59461
              ],
              [
                152.888908,
                -25.579162
              ],
              [
                152.898973,
                -25.578439
              ]
            ]
          ],
          [
            [
              [
                151.664085,
                -24.047172
              ],
              [
                151.660625,
                -24.052692
              ],
              [
                151.64886,
                -24.04452
              ],
              [
                151.664085,
                -24.047172
              ]
            ]
          ],
          [
            [
              [
                151.547662,
                -24.078401
              ],
              [
                151.536212,
                -24.082191
              ],
              [
                151.541652,
                -24.074651
              ],
              [
                151.547662,
                -24.078401
              ]
            ]
          ],
          [
            [
              [
                151.462018,
                -24.04397
              ],
              [
                151.459437,
                -24.05645
              ],
              [
                151.459686,
                -24.039352
              ],
              [
                151.462018,
                -24.04397
              ]
            ]
          ],
          [
            [
              [
                151.436791,
                -24.037108
              ],
              [
                151.436493,
                -24.054062
              ],
              [
                151.428035,
                -24.039902
              ],
              [
                151.436791,
                -24.037108
              ]
            ]
          ],
          [
            [
              [
                151.39422,
                -23.864592
              ],
              [
                151.336418,
                -23.824672
              ],
              [
                151.332516,
                -23.754008
              ],
              [
                151.34082,
                -23.785146
              ],
              [
                151.39422,
                -23.864592
              ]
            ]
          ],
          [
            [
              [
                151.31528,
                -23.759224
              ],
              [
                151.214545,
                -23.79437
              ],
              [
                151.129744,
                -23.669241
              ],
              [
                151.047671,
                -23.622893
              ],
              [
                151.032541,
                -23.570402
              ],
              [
                150.979467,
                -23.488793
              ],
              [
                151.056971,
                -23.447673
              ],
              [
                151.183389,
                -23.541312
              ],
              [
                151.235158,
                -23.483652
              ],
              [
                151.31528,
                -23.759224
              ]
            ]
          ],
          [
            [
              [
                151.288596,
                -23.805152
              ],
              [
                151.286117,
                -23.818702
              ],
              [
                151.281871,
                -23.801427
              ],
              [
                151.288596,
                -23.805152
              ]
            ]
          ],
          [
            [
              [
                151.162989,
                -23.396661
              ],
              [
                151.156079,
                -23.405621
              ],
              [
                151.145019,
                -23.398901
              ],
              [
                151.162989,
                -23.396661
              ]
            ]
          ],
          [
            [
              [
                150.975542,
                -23.148842
              ],
              [
                150.939011,
                -23.19829
              ],
              [
                150.93178,
                -23.178545
              ],
              [
                150.975542,
                -23.148842
              ]
            ]
          ],
          [
            [
              [
                150.975637,
                -23.215244
              ],
              [
                150.964892,
                -23.215732
              ],
              [
                150.972552,
                -23.209152
              ],
              [
                150.975637,
                -23.215244
              ]
            ]
          ],
          [
            [
              [
                150.914408,
                -23.079684
              ],
              [
                150.889409,
                -23.083164
              ],
              [
                150.892078,
                -23.054474
              ],
              [
                150.914408,
                -23.079684
              ]
            ]
          ],
          [
            [
              [
                150.871819,
                -23.505923
              ],
              [
                150.864524,
                -23.517002
              ],
              [
                150.850544,
                -23.511742
              ],
              [
                150.871819,
                -23.505923
              ]
            ]
          ],
          [
            [
              [
                150.865299,
                -23.527853
              ],
              [
                150.846954,
                -23.532642
              ],
              [
                150.837854,
                -23.521162
              ],
              [
                150.865299,
                -23.527853
              ]
            ]
          ],
          [
            [
              [
                150.686121,
                -21.945934
              ],
              [
                150.690421,
                -21.967213
              ],
              [
                150.677381,
                -21.965404
              ],
              [
                150.686121,
                -21.945934
              ]
            ]
          ],
          [
            [
              [
                150.676942,
                -22.090083
              ],
              [
                150.669862,
                -22.094403
              ],
              [
                150.669412,
                -22.082893
              ],
              [
                150.676942,
                -22.090083
              ]
            ]
          ],
          [
            [
              [
                150.662604,
                -22.334683
              ],
              [
                150.660625,
                -22.339523
              ],
              [
                150.656205,
                -22.330923
              ],
              [
                150.662604,
                -22.334683
              ]
            ]
          ],
          [
            [
              [
                150.647652,
                -22.008794
              ],
              [
                150.641792,
                -22.008334
              ],
              [
                150.644912,
                -22.001774
              ],
              [
                150.647652,
                -22.008794
              ]
            ]
          ],
          [
            [
              [
                150.56079,
                -22.294982
              ],
              [
                150.482958,
                -22.349334
              ],
              [
                150.479211,
                -22.206573
              ],
              [
                150.518936,
                -22.224244
              ],
              [
                150.56079,
                -22.294982
              ]
            ]
          ],
          [
            [
              [
                150.528487,
                -22.373564
              ],
              [
                150.515397,
                -22.372124
              ],
              [
                150.520907,
                -22.366524
              ],
              [
                150.528487,
                -22.373564
              ]
            ]
          ],
          [
            [
              [
                150.50043,
                -22.546404
              ],
              [
                150.498065,
                -22.554493
              ],
              [
                150.496965,
                -22.540503
              ],
              [
                150.50043,
                -22.546404
              ]
            ]
          ],
          [
            [
              [
                150.440702,
                -22.231533
              ],
              [
                150.427463,
                -22.275733
              ],
              [
                150.421668,
                -22.299374
              ],
              [
                150.415543,
                -22.279583
              ],
              [
                150.440702,
                -22.231533
              ]
            ]
          ],
          [
            [
              [
                150.450148,
                -22.314584
              ],
              [
                150.449608,
                -22.321014
              ],
              [
                150.442518,
                -22.313624
              ],
              [
                150.450148,
                -22.314584
              ]
            ]
          ],
          [
            [
              [
                150.366871,
                -22.011364
              ],
              [
                150.369171,
                -22.024234
              ],
              [
                150.359471,
                -22.013784
              ],
              [
                150.366871,
                -22.011364
              ]
            ]
          ],
          [
            [
              [
                150.339779,
                -21.741345
              ],
              [
                150.338865,
                -21.769956
              ],
              [
                150.29978,
                -21.746385
              ],
              [
                150.339779,
                -21.741345
              ]
            ]
          ],
          [
            [
              [
                150.338449,
                -21.656015
              ],
              [
                150.340044,
                -21.674376
              ],
              [
                150.325844,
                -21.658617
              ],
              [
                150.338449,
                -21.656015
              ]
            ]
          ],
          [
            [
              [
                150.314164,
                -22.233104
              ],
              [
                150.31974,
                -22.244885
              ],
              [
                150.29757,
                -22.243685
              ],
              [
                150.314164,
                -22.233104
              ]
            ]
          ],
          [
            [
              [
                150.290874,
                -21.643787
              ],
              [
                150.24306,
                -21.675306
              ],
              [
                150.24732,
                -21.619046
              ],
              [
                150.290874,
                -21.643787
              ]
            ]
          ],
          [
            [
              [
                150.273131,
                -22.347165
              ],
              [
                150.261852,
                -22.371075
              ],
              [
                150.251002,
                -22.364555
              ],
              [
                150.273131,
                -22.347165
              ]
            ]
          ],
          [
            [
              [
                150.266488,
                -21.476826
              ],
              [
                150.272984,
                -21.490567
              ],
              [
                150.262894,
                -21.483637
              ],
              [
                150.266488,
                -21.476826
              ]
            ]
          ],
          [
            [
              [
                150.276454,
                -21.516627
              ],
              [
                150.257514,
                -21.528507
              ],
              [
                150.245184,
                -21.517197
              ],
              [
                150.276454,
                -21.516627
              ]
            ]
          ],
          [
            [
              [
                150.179144,
                -21.970035
              ],
              [
                150.16875,
                -22.004146
              ],
              [
                150.151544,
                -21.971365
              ],
              [
                150.179144,
                -21.970035
              ]
            ]
          ],
          [
            [
              [
                150.139894,
                -21.958436
              ],
              [
                150.14265,
                -21.960847
              ],
              [
                150.143035,
                -21.980425
              ],
              [
                150.139894,
                -21.958436
              ]
            ]
          ],
          [
            [
              [
                150.139395,
                -21.998185
              ],
              [
                150.12547,
                -22.001377
              ],
              [
                150.128085,
                -21.987656
              ],
              [
                150.139395,
                -21.998185
              ]
            ]
          ],
          [
            [
              [
                150.108315,
                -21.922226
              ],
              [
                150.11828,
                -21.931267
              ],
              [
                150.108305,
                -21.932066
              ],
              [
                150.108315,
                -21.922226
              ]
            ]
          ],
          [
            [
              [
                150.010469,
                -22.100986
              ],
              [
                149.945206,
                -22.172048
              ],
              [
                149.933226,
                -22.152358
              ],
              [
                150.010469,
                -22.100986
              ]
            ]
          ],
          [
            [
              [
                150.019029,
                -22.620936
              ],
              [
                150.016019,
                -22.628796
              ],
              [
                150.012739,
                -22.618846
              ],
              [
                150.019029,
                -22.620936
              ]
            ]
          ],
          [
            [
              [
                149.931706,
                -22.187348
              ],
              [
                149.919657,
                -22.200488
              ],
              [
                149.925351,
                -22.175176
              ],
              [
                149.931706,
                -22.187348
              ]
            ]
          ],
          [
            [
              [
                149.901375,
                -22.052068
              ],
              [
                149.909107,
                -22.223548
              ],
              [
                149.869738,
                -22.226308
              ],
              [
                149.901375,
                -22.052068
              ]
            ]
          ],
          [
            [
              [
                149.917109,
                -21.506599
              ],
              [
                149.907149,
                -21.50014
              ],
              [
                149.909249,
                -21.49256
              ],
              [
                149.917109,
                -21.506599
              ]
            ]
          ],
          [
            [
              [
                149.904807,
                -22.234738
              ],
              [
                149.909877,
                -22.256048
              ],
              [
                149.898632,
                -22.260256
              ],
              [
                149.904807,
                -22.234738
              ]
            ]
          ],
          [
            [
              [
                149.903786,
                -21.002861
              ],
              [
                149.897586,
                -21.020951
              ],
              [
                149.894196,
                -21.004851
              ],
              [
                149.903786,
                -21.002861
              ]
            ]
          ],
          [
            [
              [
                149.90977,
                -22.474037
              ],
              [
                149.90517,
                -22.476877
              ],
              [
                149.897945,
                -22.462916
              ],
              [
                149.90977,
                -22.474037
              ]
            ]
          ],
          [
            [
              [
                149.900687,
                -22.235998
              ],
              [
                149.894552,
                -22.244246
              ],
              [
                149.888822,
                -22.237956
              ],
              [
                149.900687,
                -22.235998
              ]
            ]
          ],
          [
            [
              [
                149.89653,
                -21.49786
              ],
              [
                149.888105,
                -21.499388
              ],
              [
                149.891104,
                -21.485268
              ],
              [
                149.89653,
                -21.49786
              ]
            ]
          ],
          [
            [
              [
                149.894853,
                -22.256316
              ],
              [
                149.884703,
                -22.263246
              ],
              [
                149.877633,
                -22.255037
              ],
              [
                149.894853,
                -22.256316
              ]
            ]
          ],
          [
            [
              [
                149.884572,
                -22.235717
              ],
              [
                149.877008,
                -22.251448
              ],
              [
                149.874518,
                -22.238138
              ],
              [
                149.884572,
                -22.235717
              ]
            ]
          ],
          [
            [
              [
                149.88061,
                -21.993587
              ],
              [
                149.86175,
                -22.013057
              ],
              [
                149.844036,
                -22.004219
              ],
              [
                149.88061,
                -21.993587
              ]
            ]
          ],
          [
            [
              [
                149.842112,
                -21.659429
              ],
              [
                149.833932,
                -21.66221
              ],
              [
                149.831507,
                -21.647438
              ],
              [
                149.842112,
                -21.659429
              ]
            ]
          ],
          [
            [
              [
                149.837414,
                -21.379099
              ],
              [
                149.833235,
                -21.383199
              ],
              [
                149.821925,
                -21.371669
              ],
              [
                149.837414,
                -21.379099
              ]
            ]
          ],
          [
            [
              [
                149.805862,
                -21.59091
              ],
              [
                149.791507,
                -21.616409
              ],
              [
                149.780737,
                -21.612649
              ],
              [
                149.805862,
                -21.59091
              ]
            ]
          ],
          [
            [
              [
                149.804274,
                -21.832029
              ],
              [
                149.793214,
                -21.839349
              ],
              [
                149.793499,
                -21.830308
              ],
              [
                149.804274,
                -21.832029
              ]
            ]
          ],
          [
            [
              [
                149.763432,
                -22.405678
              ],
              [
                149.753502,
                -22.411808
              ],
              [
                149.755527,
                -22.400847
              ],
              [
                149.763432,
                -22.405678
              ]
            ]
          ],
          [
            [
              [
                149.717587,
                -21.45598
              ],
              [
                149.706187,
                -21.44806
              ],
              [
                149.709967,
                -21.43899
              ],
              [
                149.717587,
                -21.45598
              ]
            ]
          ],
          [
            [
              [
                149.690581,
                -21.312211
              ],
              [
                149.685572,
                -21.332441
              ],
              [
                149.666177,
                -21.30244
              ],
              [
                149.690581,
                -21.312211
              ]
            ]
          ],
          [
            [
              [
                149.664699,
                -21.97497
              ],
              [
                149.657829,
                -21.9784
              ],
              [
                149.654943,
                -21.966109
              ],
              [
                149.664699,
                -21.97497
              ]
            ]
          ],
          [
            [
              [
                149.653888,
                -21.9289
              ],
              [
                149.651308,
                -21.93648
              ],
              [
                149.642548,
                -21.93192
              ],
              [
                149.653888,
                -21.9289
              ]
            ]
          ],
          [
            [
              [
                149.626443,
                -20.770392
              ],
              [
                149.612939,
                -20.778103
              ],
              [
                149.622148,
                -20.760803
              ],
              [
                149.626443,
                -20.770392
              ]
            ]
          ],
          [
            [
              [
                149.603464,
                -20.846492
              ],
              [
                149.59673,
                -20.885163
              ],
              [
                149.57811,
                -20.869193
              ],
              [
                149.603464,
                -20.846492
              ]
            ]
          ],
          [
            [
              [
                149.588542,
                -22.13827
              ],
              [
                149.572642,
                -22.12498
              ],
              [
                149.577227,
                -22.119209
              ],
              [
                149.588542,
                -22.13827
              ]
            ]
          ],
          [
            [
              [
                149.576795,
                -21.967929
              ],
              [
                149.56622,
                -21.99205
              ],
              [
                149.558565,
                -21.987569
              ],
              [
                149.576795,
                -21.967929
              ]
            ]
          ],
          [
            [
              [
                149.485795,
                -21.81789
              ],
              [
                149.4869,
                -21.836521
              ],
              [
                149.46902,
                -21.821731
              ],
              [
                149.485795,
                -21.81789
              ]
            ]
          ],
          [
            [
              [
                149.498568,
                -21.597772
              ],
              [
                149.493318,
                -21.605032
              ],
              [
                149.485418,
                -21.597402
              ],
              [
                149.498568,
                -21.597772
              ]
            ]
          ],
          [
            [
              [
                149.483695,
                -20.741003
              ],
              [
                149.472275,
                -20.747213
              ],
              [
                149.466275,
                -20.726713
              ],
              [
                149.483695,
                -20.741003
              ]
            ]
          ],
          [
            [
              [
                149.469552,
                -20.928214
              ],
              [
                149.466927,
                -20.937362
              ],
              [
                149.464232,
                -20.925944
              ],
              [
                149.469552,
                -20.928214
              ]
            ]
          ],
          [
            [
              [
                149.425488,
                -20.906803
              ],
              [
                149.451302,
                -20.934264
              ],
              [
                149.426493,
                -20.945544
              ],
              [
                149.425488,
                -20.906803
              ]
            ]
          ],
          [
            [
              [
                149.414178,
                -20.896853
              ],
              [
                149.405488,
                -20.924243
              ],
              [
                149.385858,
                -20.904113
              ],
              [
                149.414178,
                -20.896853
              ]
            ]
          ],
          [
            [
              [
                149.412301,
                -20.772914
              ],
              [
                149.397802,
                -20.779164
              ],
              [
                149.390066,
                -20.769333
              ],
              [
                149.412301,
                -20.772914
              ]
            ]
          ],
          [
            [
              [
                149.291153,
                -20.774485
              ],
              [
                149.276558,
                -20.793444
              ],
              [
                149.273648,
                -20.778404
              ],
              [
                149.291153,
                -20.774485
              ]
            ]
          ],
          [
            [
              [
                149.274388,
                -20.796364
              ],
              [
                149.264904,
                -20.823325
              ],
              [
                149.249279,
                -20.805914
              ],
              [
                149.274388,
                -20.796364
              ]
            ]
          ],
          [
            [
              [
                149.209084,
                -20.690576
              ],
              [
                149.203544,
                -20.698776
              ],
              [
                149.197274,
                -20.689826
              ],
              [
                149.209084,
                -20.690576
              ]
            ]
          ],
          [
            [
              [
                149.181574,
                -20.666186
              ],
              [
                149.189194,
                -20.689206
              ],
              [
                149.172544,
                -20.672256
              ],
              [
                149.181574,
                -20.666186
              ]
            ]
          ],
          [
            [
              [
                149.178166,
                -20.247617
              ],
              [
                149.171886,
                -20.250407
              ],
              [
                149.173006,
                -20.241187
              ],
              [
                149.178166,
                -20.247617
              ]
            ]
          ],
          [
            [
              [
                149.154749,
                -20.662175
              ],
              [
                149.156454,
                -20.674447
              ],
              [
                149.14579,
                -20.693805
              ],
              [
                149.136085,
                -20.686447
              ],
              [
                149.154749,
                -20.662175
              ]
            ]
          ],
          [
            [
              [
                149.157156,
                -20.237227
              ],
              [
                149.154846,
                -20.243217
              ],
              [
                149.150576,
                -20.238927
              ],
              [
                149.157156,
                -20.237227
              ]
            ]
          ],
          [
            [
              [
                149.132848,
                -20.467096
              ],
              [
                149.132283,
                -20.482017
              ],
              [
                149.120703,
                -20.469427
              ],
              [
                149.132848,
                -20.467096
              ]
            ]
          ],
          [
            [
              [
                149.118181,
                -20.3438
              ],
              [
                149.124097,
                -20.35703
              ],
              [
                149.117759,
                -20.355752
              ],
              [
                149.118181,
                -20.3438
              ]
            ]
          ],
          [
            [
              [
                149.124987,
                -20.271127
              ],
              [
                149.119157,
                -20.271557
              ],
              [
                149.123377,
                -20.264907
              ],
              [
                149.124987,
                -20.271127
              ]
            ]
          ],
          [
            [
              [
                149.112639,
                -20.537796
              ],
              [
                149.114959,
                -20.552936
              ],
              [
                149.095989,
                -20.547206
              ],
              [
                149.112639,
                -20.537796
              ]
            ]
          ],
          [
            [
              [
                149.111722,
                -20.274368
              ],
              [
                149.111042,
                -20.287828
              ],
              [
                149.104912,
                -20.266228
              ],
              [
                149.111722,
                -20.274368
              ]
            ]
          ],
          [
            [
              [
                149.080398,
                -20.436397
              ],
              [
                149.066939,
                -20.525967
              ],
              [
                149.043585,
                -20.522198
              ],
              [
                149.080398,
                -20.436397
              ]
            ]
          ],
          [
            [
              [
                149.075582,
                -20.270188
              ],
              [
                149.093412,
                -20.300868
              ],
              [
                149.075233,
                -20.301178
              ],
              [
                149.075582,
                -20.270188
              ]
            ]
          ],
          [
            [
              [
                149.089709,
                -20.522086
              ],
              [
                149.080839,
                -20.525626
              ],
              [
                149.079169,
                -20.515797
              ],
              [
                149.089709,
                -20.522086
              ]
            ]
          ],
          [
            [
              [
                149.08909,
                -20.660006
              ],
              [
                149.066665,
                -20.641137
              ],
              [
                149.055225,
                -20.618427
              ],
              [
                149.08909,
                -20.660006
              ]
            ]
          ],
          [
            [
              [
                149.074593,
                -20.303888
              ],
              [
                149.070078,
                -20.309447
              ],
              [
                149.065883,
                -20.303818
              ],
              [
                149.074593,
                -20.303888
              ]
            ]
          ],
          [
            [
              [
                149.036719,
                -20.430407
              ],
              [
                149.034049,
                -20.460247
              ],
              [
                149.024314,
                -20.441408
              ],
              [
                149.036719,
                -20.430407
              ]
            ]
          ],
          [
            [
              [
                149.062018,
                -20.293457
              ],
              [
                148.912699,
                -20.290958
              ],
              [
                148.962034,
                -20.244859
              ],
              [
                148.955973,
                -20.15803
              ],
              [
                149.062018,
                -20.293457
              ]
            ]
          ],
          [
            [
              [
                149.020662,
                -20.160819
              ],
              [
                149.036602,
                -20.164879
              ],
              [
                149.038652,
                -20.182929
              ],
              [
                149.020662,
                -20.160819
              ]
            ]
          ],
          [
            [
              [
                149.036284,
                -20.397008
              ],
              [
                149.034079,
                -20.403797
              ],
              [
                149.023064,
                -20.397438
              ],
              [
                149.036284,
                -20.397008
              ]
            ]
          ],
          [
            [
              [
                148.996016,
                -20.352742
              ],
              [
                148.989086,
                -20.356558
              ],
              [
                148.990664,
                -20.349645
              ],
              [
                148.996016,
                -20.352742
              ]
            ]
          ],
          [
            [
              [
                148.958925,
                -20.347499
              ],
              [
                148.952834,
                -20.377405
              ],
              [
                148.946392,
                -20.332614
              ],
              [
                148.958925,
                -20.347499
              ]
            ]
          ],
          [
            [
              [
                148.967942,
                -20.06766
              ],
              [
                148.951263,
                -20.15655
              ],
              [
                148.887624,
                -20.16916
              ],
              [
                148.906818,
                -20.071299
              ],
              [
                148.967942,
                -20.06766
              ]
            ]
          ],
          [
            [
              [
                148.935578,
                -20.339826
              ],
              [
                148.928113,
                -20.369498
              ],
              [
                148.927809,
                -20.337306
              ],
              [
                148.935578,
                -20.339826
              ]
            ]
          ],
          [
            [
              [
                148.929134,
                -20.318732
              ],
              [
                148.927129,
                -20.325538
              ],
              [
                148.923918,
                -20.311178
              ],
              [
                148.929134,
                -20.318732
              ]
            ]
          ],
          [
            [
              [
                148.927724,
                -20.852097
              ],
              [
                148.917864,
                -20.854737
              ],
              [
                148.917764,
                -20.847327
              ],
              [
                148.927724,
                -20.852097
              ]
            ]
          ],
          [
            [
              [
                148.909994,
                -20.25755
              ],
              [
                148.921284,
                -20.271186
              ],
              [
                148.908498,
                -20.274167
              ],
              [
                148.909994,
                -20.25755
              ]
            ]
          ],
          [
            [
              [
                148.902424,
                -20.826817
              ],
              [
                148.897579,
                -20.854978
              ],
              [
                148.891499,
                -20.829298
              ],
              [
                148.902424,
                -20.826817
              ]
            ]
          ],
          [
            [
              [
                148.898053,
                -20.05045
              ],
              [
                148.881,
                -20.061911
              ],
              [
                148.880974,
                -20.037
              ],
              [
                148.898053,
                -20.05045
              ]
            ]
          ],
          [
            [
              [
                148.882793,
                -20.601334
              ],
              [
                148.876062,
                -20.599328
              ],
              [
                148.878675,
                -20.590579
              ],
              [
                148.882793,
                -20.601334
              ]
            ]
          ],
          [
            [
              [
                148.875858,
                -20.613492
              ],
              [
                148.866008,
                -20.61901
              ],
              [
                148.864236,
                -20.607159
              ],
              [
                148.875858,
                -20.613492
              ]
            ]
          ],
          [
            [
              [
                148.853481,
                -20.316017
              ],
              [
                148.851674,
                -20.381613
              ],
              [
                148.844541,
                -20.335626
              ],
              [
                148.853481,
                -20.316017
              ]
            ]
          ],
          [
            [
              [
                148.830208,
                -20.255839
              ],
              [
                148.83977,
                -20.280417
              ],
              [
                148.826745,
                -20.285208
              ],
              [
                148.830208,
                -20.255839
              ]
            ]
          ],
          [
            [
              [
                148.829856,
                -20.23581
              ],
              [
                148.822706,
                -20.23823
              ],
              [
                148.810081,
                -20.214139
              ],
              [
                148.829856,
                -20.23581
              ]
            ]
          ],
          [
            [
              [
                148.614098,
                -20.148852
              ],
              [
                148.600258,
                -20.152502
              ],
              [
                148.607568,
                -20.137532
              ],
              [
                148.614098,
                -20.148852
              ]
            ]
          ],
          [
            [
              [
                148.576033,
                -20.101301
              ],
              [
                148.569743,
                -20.103801
              ],
              [
                148.570723,
                -20.096471
              ],
              [
                148.576033,
                -20.101301
              ]
            ]
          ],
          [
            [
              [
                148.445214,
                -19.973952
              ],
              [
                148.474689,
                -20.049703
              ],
              [
                148.444535,
                -20.044432
              ],
              [
                148.445214,
                -19.973952
              ]
            ]
          ],
          [
            [
              [
                148.282627,
                -20.026973
              ],
              [
                148.286087,
                -20.040683
              ],
              [
                148.277657,
                -20.038033
              ],
              [
                148.282627,
                -20.026973
              ]
            ]
          ],
          [
            [
              [
                146.832454,
                -19.10483
              ],
              [
                146.846112,
                -19.18176
              ],
              [
                146.779033,
                -19.129171
              ],
              [
                146.832454,
                -19.10483
              ]
            ]
          ],
          [
            [
              [
                146.693728,
                -18.755685
              ],
              [
                146.579689,
                -18.770715
              ],
              [
                146.572429,
                -18.677646
              ],
              [
                146.641868,
                -18.749695
              ],
              [
                146.693728,
                -18.755685
              ]
            ]
          ],
          [
            [
              [
                146.643071,
                -19.031949
              ],
              [
                146.629061,
                -19.033123
              ],
              [
                146.633503,
                -19.02239
              ],
              [
                146.643071,
                -19.031949
              ]
            ]
          ],
          [
            [
              [
                146.621541,
                -19.031736
              ],
              [
                146.59803,
                -19.035242
              ],
              [
                146.614807,
                -19.02523
              ],
              [
                146.621541,
                -19.031736
              ]
            ]
          ],
          [
            [
              [
                146.547909,
                -18.652196
              ],
              [
                146.556349,
                -18.687876
              ],
              [
                146.538559,
                -18.658106
              ],
              [
                146.547909,
                -18.652196
              ]
            ]
          ],
          [
            [
              [
                146.55102,
                -18.842345
              ],
              [
                146.54855,
                -18.848685
              ],
              [
                146.53213,
                -18.835185
              ],
              [
                146.55102,
                -18.842345
              ]
            ]
          ],
          [
            [
              [
                146.52688,
                -18.672386
              ],
              [
                146.51981,
                -18.714776
              ],
              [
                146.50585,
                -18.659806
              ],
              [
                146.52688,
                -18.672386
              ]
            ]
          ],
          [
            [
              [
                146.497164,
                -18.581735
              ],
              [
                146.489405,
                -18.667525
              ],
              [
                146.484314,
                -18.567436
              ],
              [
                146.497164,
                -18.581735
              ]
            ]
          ],
          [
            [
              [
                146.502228,
                -18.543096
              ],
              [
                146.489009,
                -18.557826
              ],
              [
                146.490599,
                -18.539177
              ],
              [
                146.502228,
                -18.543096
              ]
            ]
          ],
          [
            [
              [
                146.237398,
                -18.282148
              ],
              [
                146.223009,
                -18.19458
              ],
              [
                146.305528,
                -18.241969
              ],
              [
                146.323921,
                -18.486427
              ],
              [
                146.224192,
                -18.478958
              ],
              [
                146.191301,
                -18.366709
              ],
              [
                146.070812,
                -18.24667
              ],
              [
                146.237398,
                -18.282148
              ]
            ]
          ],
          [
            [
              [
                146.287188,
                -18.14235
              ],
              [
                146.277138,
                -18.13876
              ],
              [
                146.282088,
                -18.13513
              ],
              [
                146.287188,
                -18.14235
              ]
            ]
          ],
          [
            [
              [
                146.192782,
                -18.459698
              ],
              [
                146.206062,
                -18.471768
              ],
              [
                146.189963,
                -18.470778
              ],
              [
                146.192782,
                -18.459698
              ]
            ]
          ],
          [
            [
              [
                146.171062,
                -18.365619
              ],
              [
                146.192602,
                -18.429418
              ],
              [
                146.145022,
                -18.358089
              ],
              [
                146.171062,
                -18.365619
              ]
            ]
          ],
          [
            [
              [
                146.16052,
                -18.1522
              ],
              [
                146.17605,
                -18.18099
              ],
              [
                146.1524,
                -18.17538
              ],
              [
                146.16052,
                -18.1522
              ]
            ]
          ],
          [
            [
              [
                146.187042,
                -18.430448
              ],
              [
                146.177702,
                -18.434408
              ],
              [
                146.182302,
                -18.426268
              ],
              [
                146.187042,
                -18.430448
              ]
            ]
          ],
          [
            [
              [
                146.180752,
                -18.419718
              ],
              [
                146.176392,
                -18.432378
              ],
              [
                146.170572,
                -18.423468
              ],
              [
                146.180752,
                -18.419718
              ]
            ]
          ],
          [
            [
              [
                146.178178,
                -17.966971
              ],
              [
                146.134149,
                -17.935401
              ],
              [
                146.151528,
                -17.927661
              ],
              [
                146.178178,
                -17.966971
              ]
            ]
          ],
          [
            [
              [
                146.016754,
                -17.155424
              ],
              [
                146.011805,
                -17.165024
              ],
              [
                146.004885,
                -17.154394
              ],
              [
                146.016754,
                -17.155424
              ]
            ]
          ],
          [
            [
              [
                145.99079,
                -16.925325
              ],
              [
                146.000307,
                -16.936674
              ],
              [
                145.985538,
                -16.942179
              ],
              [
                145.99079,
                -16.925325
              ]
            ]
          ],
          [
            [
              [
                145.467116,
                -14.654336
              ],
              [
                145.448257,
                -14.680236
              ],
              [
                145.450626,
                -14.647026
              ],
              [
                145.467116,
                -14.654336
              ]
            ]
          ],
          [
            [
              [
                144.978692,
                -14.492998
              ],
              [
                144.978802,
                -14.511518
              ],
              [
                144.950633,
                -14.499318
              ],
              [
                144.978692,
                -14.492998
              ]
            ]
          ],
          [
            [
              [
                144.815534,
                -14.425169
              ],
              [
                144.810894,
                -14.437809
              ],
              [
                144.804174,
                -14.432829
              ],
              [
                144.815534,
                -14.425169
              ]
            ]
          ],
          [
            [
              [
                144.532854,
                -14.118902
              ],
              [
                144.525444,
                -14.120252
              ],
              [
                144.525464,
                -14.112122
              ],
              [
                144.532854,
                -14.118902
              ]
            ]
          ],
          [
            [
              [
                144.327687,
                -14.095183
              ],
              [
                144.335647,
                -14.102323
              ],
              [
                144.326277,
                -14.102303
              ],
              [
                144.327687,
                -14.095183
              ]
            ]
          ],
          [
            [
              [
                144.340426,
                -14.088683
              ],
              [
                144.328497,
                -14.093843
              ],
              [
                144.331877,
                -14.085953
              ],
              [
                144.340426,
                -14.088683
              ]
            ]
          ],
          [
            [
              [
                144.272898,
                -14.158703
              ],
              [
                144.240279,
                -14.191333
              ],
              [
                144.232459,
                -14.175403
              ],
              [
                144.272898,
                -14.158703
              ]
            ]
          ],
          [
            [
              [
                144.276419,
                -14.216622
              ],
              [
                144.269759,
                -14.238612
              ],
              [
                144.24539,
                -14.221042
              ],
              [
                144.276419,
                -14.216622
              ]
            ]
          ],
          [
            [
              [
                144.231219,
                -14.132833
              ],
              [
                144.245039,
                -14.151733
              ],
              [
                144.20952,
                -14.184813
              ],
              [
                144.231219,
                -14.132833
              ]
            ]
          ],
          [
            [
              [
                144.23131,
                -14.209942
              ],
              [
                144.20254,
                -14.230392
              ],
              [
                144.22241,
                -14.206292
              ],
              [
                144.23131,
                -14.209942
              ]
            ]
          ],
          [
            [
              [
                144.051549,
                -9.90843
              ],
              [
                144.057899,
                -9.92374
              ],
              [
                144.039199,
                -9.92315
              ],
              [
                144.051549,
                -9.90843
              ]
            ]
          ],
          [
            [
              [
                143.759251,
                -9.580523
              ],
              [
                143.775831,
                -9.598423
              ],
              [
                143.760011,
                -9.597023
              ],
              [
                143.759251,
                -9.580523
              ]
            ]
          ],
          [
            [
              [
                143.779395,
                -14.221694
              ],
              [
                143.772635,
                -14.220164
              ],
              [
                143.775035,
                -14.214054
              ],
              [
                143.779395,
                -14.221694
              ]
            ]
          ],
          [
            [
              [
                143.721987,
                -13.866067
              ],
              [
                143.717843,
                -13.870137
              ],
              [
                143.715161,
                -13.862125
              ],
              [
                143.721987,
                -13.866067
              ]
            ]
          ],
          [
            [
              [
                143.475222,
                -12.520465
              ],
              [
                143.475112,
                -12.521365
              ],
              [
                143.454362,
                -12.504375
              ],
              [
                143.475222,
                -12.520465
              ]
            ]
          ],
          [
            [
              [
                143.422975,
                -9.750263
              ],
              [
                143.398315,
                -9.754583
              ],
              [
                143.404565,
                -9.748233
              ],
              [
                143.422975,
                -9.750263
              ]
            ]
          ],
          [
            [
              [
                143.415166,
                -12.289466
              ],
              [
                143.403683,
                -12.287791
              ],
              [
                143.413206,
                -12.284046
              ],
              [
                143.415166,
                -12.289466
              ]
            ]
          ],
          [
            [
              [
                143.401295,
                -12.868873
              ],
              [
                143.392476,
                -12.875953
              ],
              [
                143.389006,
                -12.868853
              ],
              [
                143.401295,
                -12.868873
              ]
            ]
          ],
          [
            [
              [
                143.400826,
                -12.895923
              ],
              [
                143.393566,
                -12.894363
              ],
              [
                143.394896,
                -12.876513
              ],
              [
                143.400826,
                -12.895923
              ]
            ]
          ],
          [
            [
              [
                143.390646,
                -12.878563
              ],
              [
                143.383976,
                -12.883323
              ],
              [
                143.379126,
                -12.876673
              ],
              [
                143.390646,
                -12.878563
              ]
            ]
          ],
          [
            [
              [
                143.388316,
                -12.869873
              ],
              [
                143.376686,
                -12.870463
              ],
              [
                143.385076,
                -12.864793
              ],
              [
                143.388316,
                -12.869873
              ]
            ]
          ],
          [
            [
              [
                143.378456,
                -12.886273
              ],
              [
                143.374456,
                -12.895763
              ],
              [
                143.358766,
                -12.887003
              ],
              [
                143.378456,
                -12.886273
              ]
            ]
          ],
          [
            [
              [
                143.275986,
                -11.985288
              ],
              [
                143.267332,
                -11.989577
              ],
              [
                143.262231,
                -11.975052
              ],
              [
                143.275986,
                -11.985288
              ]
            ]
          ],
          [
            [
              [
                142.977396,
                -9.80498
              ],
              [
                142.971796,
                -9.80544
              ],
              [
                142.975476,
                -9.79509
              ],
              [
                142.977396,
                -9.80498
              ]
            ]
          ],
          [
            [
              [
                142.917257,
                -9.842999
              ],
              [
                142.912558,
                -9.866849
              ],
              [
                142.897758,
                -9.853439
              ],
              [
                142.917257,
                -9.842999
              ]
            ]
          ],
          [
            [
              [
                142.857289,
                -10.019578
              ],
              [
                142.857599,
                -10.053148
              ],
              [
                142.82604,
                -10.024858
              ],
              [
                142.857289,
                -10.019578
              ]
            ]
          ],
          [
            [
              [
                142.800857,
                -9.375672
              ],
              [
                142.70725,
                -9.428321
              ],
              [
                142.596612,
                -9.403411
              ],
              [
                142.646921,
                -9.364721
              ],
              [
                142.707499,
                -9.381752
              ],
              [
                142.800857,
                -9.375672
              ]
            ]
          ],
          [
            [
              [
                142.781371,
                -9.895868
              ],
              [
                142.768611,
                -9.904698
              ],
              [
                142.764381,
                -9.894078
              ],
              [
                142.781371,
                -9.895868
              ]
            ]
          ],
          [
            [
              [
                142.68893,
                -9.358252
              ],
              [
                142.69885,
                -9.377342
              ],
              [
                142.6673,
                -9.369791
              ],
              [
                142.68893,
                -9.358252
              ]
            ]
          ],
          [
            [
              [
                142.690173,
                -10.920132
              ],
              [
                142.692314,
                -10.958571
              ],
              [
                142.651864,
                -10.914792
              ],
              [
                142.690173,
                -10.920132
              ]
            ]
          ],
          [
            [
              [
                142.639373,
                -10.618263
              ],
              [
                142.654073,
                -10.651403
              ],
              [
                142.638413,
                -10.653193
              ],
              [
                142.639373,
                -10.618263
              ]
            ]
          ],
          [
            [
              [
                142.628365,
                -9.757778
              ],
              [
                142.647984,
                -9.772568
              ],
              [
                142.621995,
                -9.772588
              ],
              [
                142.628365,
                -9.757778
              ]
            ]
          ],
          [
            [
              [
                142.634024,
                -10.914212
              ],
              [
                142.635264,
                -10.926992
              ],
              [
                142.620744,
                -10.918722
              ],
              [
                142.634024,
                -10.914212
              ]
            ]
          ],
          [
            [
              [
                142.619973,
                -10.589754
              ],
              [
                142.615163,
                -10.600713
              ],
              [
                142.609233,
                -10.592683
              ],
              [
                142.619973,
                -10.589754
              ]
            ]
          ],
          [
            [
              [
                142.615023,
                -10.720883
              ],
              [
                142.611903,
                -10.745413
              ],
              [
                142.584394,
                -10.714403
              ],
              [
                142.615023,
                -10.720883
              ]
            ]
          ],
          [
            [
              [
                142.551753,
                -9.419591
              ],
              [
                142.531603,
                -9.435991
              ],
              [
                142.528863,
                -9.410781
              ],
              [
                142.551753,
                -9.419591
              ]
            ]
          ],
          [
            [
              [
                142.517682,
                -10.192006
              ],
              [
                142.513112,
                -10.195276
              ],
              [
                142.504112,
                -10.183846
              ],
              [
                142.517682,
                -10.192006
              ]
            ]
          ],
          [
            [
              [
                142.514652,
                -10.158086
              ],
              [
                142.508252,
                -10.163276
              ],
              [
                142.502222,
                -10.157276
              ],
              [
                142.514652,
                -10.158086
              ]
            ]
          ],
          [
            [
              [
                142.490332,
                -10.243286
              ],
              [
                142.480023,
                -10.260396
              ],
              [
                142.474043,
                -10.250256
              ],
              [
                142.490332,
                -10.243286
              ]
            ]
          ],
          [
            [
              [
                142.410957,
                -10.711573
              ],
              [
                142.385637,
                -10.750123
              ],
              [
                142.389727,
                -10.717993
              ],
              [
                142.410957,
                -10.711573
              ]
            ]
          ],
          [
            [
              [
                142.344168,
                -10.172237
              ],
              [
                142.278669,
                -10.259777
              ],
              [
                142.183887,
                -10.18948
              ],
              [
                142.265887,
                -10.115789
              ],
              [
                142.344168,
                -10.172237
              ]
            ]
          ],
          [
            [
              [
                142.306333,
                -10.570583
              ],
              [
                142.267664,
                -10.642303
              ],
              [
                142.236094,
                -10.607263
              ],
              [
                142.306333,
                -10.570583
              ]
            ]
          ],
          [
            [
              [
                142.312232,
                -10.505544
              ],
              [
                142.300273,
                -10.542343
              ],
              [
                142.284103,
                -10.527934
              ],
              [
                142.312232,
                -10.505544
              ]
            ]
          ],
          [
            [
              [
                142.290603,
                -9.551303
              ],
              [
                142.283773,
                -9.569863
              ],
              [
                142.258312,
                -9.553914
              ],
              [
                142.290603,
                -9.551303
              ]
            ]
          ],
          [
            [
              [
                142.295108,
                -10.701673
              ],
              [
                142.290218,
                -10.733913
              ],
              [
                142.281688,
                -10.716313
              ],
              [
                142.295108,
                -10.701673
              ]
            ]
          ],
          [
            [
              [
                142.294921,
                -9.262735
              ],
              [
                142.245401,
                -9.290786
              ],
              [
                142.131871,
                -9.264447
              ],
              [
                142.222421,
                -9.229597
              ],
              [
                142.294921,
                -9.262735
              ]
            ]
          ],
          [
            [
              [
                142.277423,
                -10.706483
              ],
              [
                142.150053,
                -10.764874
              ],
              [
                142.110464,
                -10.661784
              ],
              [
                142.203704,
                -10.594844
              ],
              [
                142.277423,
                -10.706483
              ]
            ]
          ],
          [
            [
              [
                142.250871,
                -9.229096
              ],
              [
                142.242411,
                -9.234726
              ],
              [
                142.23354,
                -9.221187
              ],
              [
                142.250871,
                -9.229096
              ]
            ]
          ],
          [
            [
              [
                142.221487,
                -10.569771
              ],
              [
                142.210654,
                -10.589044
              ],
              [
                142.205594,
                -10.581494
              ],
              [
                142.221487,
                -10.569771
              ]
            ]
          ],
          [
            [
              [
                142.213013,
                -10.521654
              ],
              [
                142.213993,
                -10.566314
              ],
              [
                142.184063,
                -10.568354
              ],
              [
                142.213013,
                -10.521654
              ]
            ]
          ],
          [
            [
              [
                142.187014,
                -9.942382
              ],
              [
                142.178455,
                -9.972832
              ],
              [
                142.164694,
                -9.951742
              ],
              [
                142.187014,
                -9.942382
              ]
            ]
          ],
          [
            [
              [
                142.192476,
                -10.10589
              ],
              [
                142.163427,
                -10.18096
              ],
              [
                142.087466,
                -10.130111
              ],
              [
                142.114185,
                -10.068512
              ],
              [
                142.192476,
                -10.10589
              ]
            ]
          ],
          [
            [
              [
                142.18843,
                -9.232797
              ],
              [
                142.156401,
                -9.246727
              ],
              [
                142.16435,
                -9.223927
              ],
              [
                142.18843,
                -9.232797
              ]
            ]
          ],
          [
            [
              [
                142.178983,
                -10.585664
              ],
              [
                142.169004,
                -10.605944
              ],
              [
                142.146333,
                -10.595054
              ],
              [
                142.178983,
                -10.585664
              ]
            ]
          ],
          [
            [
              [
                142.173227,
                -10.207719
              ],
              [
                142.168848,
                -10.228199
              ],
              [
                142.163437,
                -10.216909
              ],
              [
                142.173227,
                -10.207719
              ]
            ]
          ],
          [
            [
              [
                142.170973,
                -10.553585
              ],
              [
                142.157783,
                -10.570035
              ],
              [
                142.145653,
                -10.565665
              ],
              [
                142.170973,
                -10.553585
              ]
            ]
          ],
          [
            [
              [
                142.132764,
                -10.354288
              ],
              [
                142.125905,
                -10.384057
              ],
              [
                142.124654,
                -10.353408
              ],
              [
                142.132764,
                -10.354288
              ]
            ]
          ],
          [
            [
              [
                142.108716,
                -10.967305
              ],
              [
                142.098845,
                -10.989496
              ],
              [
                142.099596,
                -10.975245
              ],
              [
                142.108716,
                -10.967305
              ]
            ]
          ],
          [
            [
              [
                142.076853,
                -10.26538
              ],
              [
                142.065883,
                -10.26248
              ],
              [
                142.073973,
                -10.25918
              ],
              [
                142.076853,
                -10.26538
              ]
            ]
          ],
          [
            [
              [
                142.060474,
                -10.353859
              ],
              [
                142.048074,
                -10.365769
              ],
              [
                142.048604,
                -10.354689
              ],
              [
                142.060474,
                -10.353859
              ]
            ]
          ],
          [
            [
              [
                139.871947,
                -16.645349
              ],
              [
                139.855767,
                -16.677089
              ],
              [
                139.848137,
                -16.663479
              ],
              [
                139.871947,
                -16.645349
              ]
            ]
          ],
          [
            [
              [
                139.813616,
                -16.49131
              ],
              [
                139.806556,
                -16.49679
              ],
              [
                139.802206,
                -16.48797
              ],
              [
                139.813616,
                -16.49131
              ]
            ]
          ],
          [
            [
              [
                139.726367,
                -16.450781
              ],
              [
                139.730877,
                -16.501301
              ],
              [
                139.701237,
                -16.474411
              ],
              [
                139.726367,
                -16.450781
              ]
            ]
          ],
          [
            [
              [
                139.712128,
                -16.530531
              ],
              [
                139.595979,
                -16.554211
              ],
              [
                139.566579,
                -16.474502
              ],
              [
                139.546629,
                -16.460532
              ],
              [
                139.451261,
                -16.666262
              ],
              [
                139.375851,
                -16.642032
              ],
              [
                139.313053,
                -16.730232
              ],
              [
                139.151014,
                -16.633843
              ],
              [
                139.304131,
                -16.462833
              ],
              [
                139.548048,
                -16.390702
              ],
              [
                139.712128,
                -16.530531
              ]
            ]
          ],
          [
            [
              [
                139.639482,
                -17.07442
              ],
              [
                139.614462,
                -17.13948
              ],
              [
                139.603772,
                -17.13833
              ],
              [
                139.595112,
                -17.11222
              ],
              [
                139.639482,
                -17.07442
              ]
            ]
          ],
          [
            [
              [
                139.472553,
                -17.09595
              ],
              [
                139.394114,
                -17.082971
              ],
              [
                139.494472,
                -16.979621
              ],
              [
                139.577982,
                -17.09355
              ],
              [
                139.472553,
                -17.09595
              ]
            ],
            [
              [
                139.479806,
                -17.093717
              ],
              [
                139.484533,
                -17.092811
              ],
              [
                139.480753,
                -17.084631
              ],
              [
                139.479806,
                -17.093717
              ]
            ]
          ],
          [
            [
              [
                139.560553,
                -17.11442
              ],
              [
                139.549473,
                -17.12921
              ],
              [
                139.552203,
                -17.11452
              ],
              [
                139.560553,
                -17.11442
              ]
            ]
          ],
          [
            [
              [
                139.452441,
                -16.674392
              ],
              [
                139.464551,
                -16.700382
              ],
              [
                139.441331,
                -16.703682
              ],
              [
                139.452441,
                -16.674392
              ]
            ]
          ],
          [
            [
              [
                139.28366,
                -16.264043
              ],
              [
                139.27372,
                -16.275354
              ],
              [
                139.2729,
                -16.264384
              ],
              [
                139.28366,
                -16.264043
              ]
            ]
          ],
          [
            [
              [
                139.265475,
                -16.984412
              ],
              [
                139.262625,
                -16.999202
              ],
              [
                139.260655,
                -16.989832
              ],
              [
                139.265475,
                -16.984412
              ]
            ]
          ],
          [
            [
              [
                139.243075,
                -17.029472
              ],
              [
                139.214685,
                -17.036402
              ],
              [
                139.207345,
                -17.003332
              ],
              [
                139.243075,
                -17.029472
              ]
            ]
          ],
          [
            [
              [
                139.145954,
                -16.691933
              ],
              [
                139.184754,
                -16.733643
              ],
              [
                139.141354,
                -16.754083
              ],
              [
                139.145954,
                -16.691933
              ]
            ]
          ],
          [
            [
              [
                139.132535,
                -16.797813
              ],
              [
                139.113255,
                -16.849443
              ],
              [
                139.090625,
                -16.826713
              ],
              [
                139.132535,
                -16.797813
              ]
            ]
          ],
          [
            [
              [
                139.076836,
                -16.902193
              ],
              [
                139.046216,
                -16.885333
              ],
              [
                139.073676,
                -16.891113
              ],
              [
                139.076836,
                -16.902193
              ]
            ]
          ],
          [
            [
              [
                139.067596,
                -16.865003
              ],
              [
                139.058906,
                -16.876863
              ],
              [
                139.063146,
                -16.860593
              ],
              [
                139.067596,
                -16.865003
              ]
            ]
          ]
        ]
      }
    },
    {
      "type": "Feature",
      "properties": {
        "STATE_NAME": "South Australia",
        "STATE_CODE": "4"
      },
      "geometry": {
        "type": "MultiPolygon",
        "coordinates": [
          [
            [
              [
                138.500217,
                -34.843571
              ],
              [
                138.56628,
                -34.825093
              ],
              [
                138.532602,
                -34.737353
              ],
              [
                138.265632,
                -34.476802
              ],
              [
                138.077415,
                -34.133551
              ],
              [
                137.887583,
                -34.507362
              ],
              [
                137.758661,
                -35.114743
              ],
              [
                137.637498,
                -35.168201
              ],
              [
                137.42284,
                -35.098095
              ],
              [
                136.883,
                -35.300346
              ],
              [
                136.821927,
                -35.24528
              ],
              [
                137.013614,
                -34.892979
              ],
              [
                137.448758,
                -34.910318
              ],
              [
                137.50944,
                -34.617955
              ],
              [
                137.483189,
                -34.439275
              ],
              [
                137.415149,
                -34.459593
              ],
              [
                137.500299,
                -34.312
              ],
              [
                137.449856,
                -34.135518
              ],
              [
                137.522273,
                -34.129251
              ],
              [
                137.600358,
                -33.876794
              ],
              [
                137.977463,
                -33.558834
              ],
              [
                137.811132,
                -33.266254
              ],
              [
                138.054408,
                -33.115096
              ],
              [
                137.952082,
                -33.00601
              ],
              [
                137.944458,
                -32.757655
              ],
              [
                137.837571,
                -32.69581
              ],
              [
                137.867648,
                -32.663933
              ],
              [
                137.802716,
                -32.608002
              ],
              [
                137.83577,
                -32.574669
              ],
              [
                137.75036,
                -32.415371
              ],
              [
                137.786511,
                -32.999915
              ],
              [
                137.641418,
                -32.955318
              ],
              [
                137.451979,
                -33.130701
              ],
              [
                137.213306,
                -33.661082
              ],
              [
                136.592684,
                -33.899562
              ],
              [
                136.112245,
                -34.359384
              ],
              [
                136.092173,
                -34.542734
              ],
              [
                136.056326,
                -34.47902
              ],
              [
                135.93231,
                -34.528521
              ],
              [
                135.937413,
                -34.64902
              ],
              [
                135.853962,
                -34.665381
              ],
              [
                135.891409,
                -34.751447
              ],
              [
                135.785731,
                -34.80933
              ],
              [
                136.006531,
                -34.735939
              ],
              [
                135.954463,
                -35.006352
              ],
              [
                135.79209,
                -34.860956
              ],
              [
                135.618827,
                -34.944466
              ],
              [
                135.25243,
                -34.55187
              ],
              [
                135.109197,
                -34.588234
              ],
              [
                135.206319,
                -34.429307
              ],
              [
                135.221384,
                -34.49863
              ],
              [
                135.3539,
                -34.522063
              ],
              [
                135.297586,
                -34.552295
              ],
              [
                135.365757,
                -34.642091
              ],
              [
                135.51676,
                -34.612968
              ],
              [
                135.431694,
                -34.603432
              ],
              [
                135.445784,
                -34.537188
              ],
              [
                135.405086,
                -34.507235
              ],
              [
                135.422243,
                -34.601453
              ],
              [
                135.389235,
                -34.595065
              ],
              [
                135.252174,
                -33.981334
              ],
              [
                134.830247,
                -33.626318
              ],
              [
                134.845066,
                -33.43649
              ],
              [
                134.658294,
                -33.233584
              ],
              [
                134.719097,
                -33.229984
              ],
              [
                134.702148,
                -33.17467
              ],
              [
                134.558351,
                -33.161347
              ],
              [
                134.640753,
                -33.182719
              ],
              [
                134.630838,
                -33.245163
              ],
              [
                134.450885,
                -33.144657
              ],
              [
                134.368885,
                -33.175899
              ],
              [
                134.358474,
                -33.125341
              ],
              [
                134.275541,
                -33.024783
              ],
              [
                134.328367,
                -33.199477
              ],
              [
                134.230283,
                -33.043313
              ],
              [
                134.167922,
                -33.055687
              ],
              [
                134.201879,
                -32.963783
              ],
              [
                134.06053,
                -32.907934
              ],
              [
                134.138498,
                -32.839715
              ],
              [
                134.060323,
                -32.722498
              ],
              [
                134.080595,
                -32.709573
              ],
              [
                134.204935,
                -32.725202
              ],
              [
                134.152814,
                -32.723976
              ],
              [
                134.221859,
                -32.789845
              ],
              [
                134.290382,
                -32.692865
              ],
              [
                134.266342,
                -32.573809
              ],
              [
                134.057125,
                -32.440708
              ],
              [
                133.849,
                -32.541726
              ],
              [
                133.866818,
                -32.399186
              ],
              [
                133.951086,
                -32.388513
              ],
              [
                133.821407,
                -32.23397
              ],
              [
                133.679113,
                -32.202643
              ],
              [
                133.666883,
                -32.103832
              ],
              [
                133.39511,
                -32.141578
              ],
              [
                133.411752,
                -32.177752
              ],
              [
                133.464309,
                -32.172158
              ],
              [
                133.491804,
                -32.195616
              ],
              [
                133.487729,
                -32.206108
              ],
              [
                133.125756,
                -32.208783
              ],
              [
                132.746588,
                -31.949342
              ],
              [
                132.200614,
                -32.02728
              ],
              [
                131.758577,
                -31.72026
              ],
              [
                131.148637,
                -31.463654
              ],
              [
                130.806132,
                -31.60563
              ],
              [
                130.152187,
                -31.576538
              ],
              [
                129.00134,
                -31.687068
              ],
              [
                129.001854,
                -25.998613
              ],
              [
                140.999394,
                -25.996376
              ],
              [
                140.965735,
                -38.055989
              ],
              [
                140.662442,
                -38.061474
              ],
              [
                140.39645,
                -37.919006
              ],
              [
                140.12084,
                -37.530865
              ],
              [
                139.840749,
                -37.32219
              ],
              [
                139.669972,
                -36.957431
              ],
              [
                139.842891,
                -36.839575
              ],
              [
                139.851109,
                -36.647474
              ],
              [
                139.655207,
                -36.221918
              ],
              [
                139.37702,
                -35.892234
              ],
              [
                138.762908,
                -35.520673
              ],
              [
                138.52236,
                -35.642968
              ],
              [
                138.096166,
                -35.625221
              ],
              [
                138.441044,
                -35.349994
              ],
              [
                138.496325,
                -34.764612
              ],
              [
                138.500217,
                -34.843571
              ]
            ]
          ],
          [
            [
              [
                138.546309,
                -34.799042
              ],
              [
                138.518591,
                -34.805594
              ],
              [
                138.514615,
                -34.756904
              ],
              [
                138.546309,
                -34.799042
              ]
            ]
          ],
          [
            [
              [
                138.544072,
                -34.80597
              ],
              [
                138.524303,
                -34.810078
              ],
              [
                138.537721,
                -34.801407
              ],
              [
                138.544072,
                -34.80597
              ]
            ]
          ],
          [
            [
              [
                138.134901,
                -35.841399
              ],
              [
                138.040822,
                -35.904274
              ],
              [
                137.741097,
                -35.853115
              ],
              [
                137.460723,
                -36.074971
              ],
              [
                137.20949,
                -35.973988
              ],
              [
                136.705236,
                -36.064064
              ],
              [
                136.532942,
                -35.876557
              ],
              [
                136.587436,
                -35.748857
              ],
              [
                137.621661,
                -35.561188
              ],
              [
                137.577915,
                -35.725671
              ],
              [
                137.780334,
                -35.723932
              ],
              [
                137.803452,
                -35.757605
              ],
              [
                137.746078,
                -35.800946
              ],
              [
                137.754379,
                -35.842984
              ],
              [
                137.940728,
                -35.716206
              ],
              [
                138.134901,
                -35.841399
              ]
            ]
          ],
          [
            [
              [
                137.361392,
                -34.462878
              ],
              [
                137.36523,
                -34.529483
              ],
              [
                137.340983,
                -34.52633
              ],
              [
                137.361392,
                -34.462878
              ]
            ]
          ],
          [
            [
              [
                136.860653,
                -35.365574
              ],
              [
                136.858413,
                -35.378187
              ],
              [
                136.85435,
                -35.371055
              ],
              [
                136.860653,
                -35.365574
              ]
            ]
          ],
          [
            [
              [
                136.453584,
                -35.134301
              ],
              [
                136.453071,
                -35.166073
              ],
              [
                136.441521,
                -35.148699
              ],
              [
                136.453584,
                -35.134301
              ]
            ]
          ],
          [
            [
              [
                136.344605,
                -34.650539
              ],
              [
                136.344484,
                -34.682606
              ],
              [
                136.329893,
                -34.658364
              ],
              [
                136.344605,
                -34.650539
              ]
            ]
          ],
          [
            [
              [
                136.279936,
                -34.50389
              ],
              [
                136.284472,
                -34.515536
              ],
              [
                136.274889,
                -34.549303
              ],
              [
                136.279936,
                -34.50389
              ]
            ]
          ],
          [
            [
              [
                136.279752,
                -34.681504
              ],
              [
                136.269174,
                -34.68333
              ],
              [
                136.26689,
                -34.673204
              ],
              [
                136.279752,
                -34.681504
              ]
            ]
          ],
          [
            [
              [
                136.189708,
                -35.004449
              ],
              [
                136.163326,
                -35.05516
              ],
              [
                136.082766,
                -34.94543
              ],
              [
                136.189708,
                -35.004449
              ]
            ]
          ],
          [
            [
              [
                136.185876,
                -34.646672
              ],
              [
                136.180123,
                -34.647575
              ],
              [
                136.181304,
                -34.640457
              ],
              [
                136.185876,
                -34.646672
              ]
            ]
          ],
          [
            [
              [
                136.063705,
                -35.222945
              ],
              [
                136.07102,
                -35.238131
              ],
              [
                136.055516,
                -35.235491
              ],
              [
                136.063705,
                -35.222945
              ]
            ]
          ],
          [
            [
              [
                136.069945,
                -34.962707
              ],
              [
                136.050632,
                -34.96822
              ],
              [
                136.059975,
                -34.957347
              ],
              [
                136.069945,
                -34.962707
              ]
            ]
          ],
          [
            [
              [
                136.038216,
                -34.907363
              ],
              [
                136.027948,
                -34.916969
              ],
              [
                136.032156,
                -34.905921
              ],
              [
                136.038216,
                -34.907363
              ]
            ]
          ],
          [
            [
              [
                136.014585,
                -34.882591
              ],
              [
                136.000885,
                -34.880386
              ],
              [
                136.008219,
                -34.865101
              ],
              [
                136.014585,
                -34.882591
              ]
            ]
          ],
          [
            [
              [
                135.9789,
                -35.019936
              ],
              [
                135.97409,
                -35.037425
              ],
              [
                135.965616,
                -35.022049
              ],
              [
                135.9789,
                -35.019936
              ]
            ]
          ],
          [
            [
              [
                135.955741,
                -34.56956
              ],
              [
                135.952445,
                -34.593633
              ],
              [
                135.94614,
                -34.568367
              ],
              [
                135.955741,
                -34.56956
              ]
            ]
          ],
          [
            [
              [
                135.938574,
                -34.687447
              ],
              [
                135.929026,
                -34.732851
              ],
              [
                135.916855,
                -34.673059
              ],
              [
                135.938574,
                -34.687447
              ]
            ]
          ],
          [
            [
              [
                135.626345,
                -34.982111
              ],
              [
                135.617531,
                -35.001798
              ],
              [
                135.61736,
                -34.980197
              ],
              [
                135.626345,
                -34.982111
              ]
            ]
          ],
          [
            [
              [
                134.813029,
                -33.594219
              ],
              [
                134.806786,
                -33.610433
              ],
              [
                134.776026,
                -33.595175
              ],
              [
                134.813029,
                -33.594219
              ]
            ]
          ],
          [
            [
              [
                134.67076,
                -33.202427
              ],
              [
                134.676802,
                -33.216999
              ],
              [
                134.666412,
                -33.214363
              ],
              [
                134.67076,
                -33.202427
              ]
            ]
          ],
          [
            [
              [
                134.471997,
                -33.690427
              ],
              [
                134.506727,
                -33.723013
              ],
              [
                134.446961,
                -33.772204
              ],
              [
                134.471997,
                -33.690427
              ]
            ]
          ],
          [
            [
              [
                134.279578,
                -32.679966
              ],
              [
                134.259737,
                -32.678381
              ],
              [
                134.27497,
                -32.674265
              ],
              [
                134.279578,
                -32.679966
              ]
            ]
          ],
          [
            [
              [
                133.857514,
                -32.387369
              ],
              [
                133.788077,
                -32.358797
              ],
              [
                133.814528,
                -32.355451
              ],
              [
                133.857514,
                -32.387369
              ]
            ]
          ],
          [
            [
              [
                133.835456,
                -32.359889
              ],
              [
                133.816229,
                -32.35472
              ],
              [
                133.829955,
                -32.352285
              ],
              [
                133.835456,
                -32.359889
              ]
            ]
          ],
          [
            [
              [
                133.68352,
                -32.440256
              ],
              [
                133.657781,
                -32.454898
              ],
              [
                133.669125,
                -32.43642
              ],
              [
                133.68352,
                -32.440256
              ]
            ]
          ],
          [
            [
              [
                133.673997,
                -32.232494
              ],
              [
                133.600296,
                -32.307921
              ],
              [
                133.549729,
                -32.308098
              ],
              [
                133.550914,
                -32.263677
              ],
              [
                133.673997,
                -32.232494
              ]
            ]
          ],
          [
            [
              [
                133.634055,
                -32.449993
              ],
              [
                133.639648,
                -32.463219
              ],
              [
                133.625508,
                -32.457157
              ],
              [
                133.634055,
                -32.449993
              ]
            ]
          ],
          [
            [
              [
                133.530727,
                -32.304603
              ],
              [
                133.501381,
                -32.318356
              ],
              [
                133.513051,
                -32.302166
              ],
              [
                133.530727,
                -32.304603
              ]
            ]
          ],
          [
            [
              [
                133.477016,
                -32.370624
              ],
              [
                133.483864,
                -32.382613
              ],
              [
                133.47563,
                -32.381062
              ],
              [
                133.477016,
                -32.370624
              ]
            ]
          ],
          [
            [
              [
                133.381916,
                -32.394907
              ],
              [
                133.366691,
                -32.402932
              ],
              [
                133.367743,
                -32.393433
              ],
              [
                133.381916,
                -32.394907
              ]
            ]
          ],
          [
            [
              [
                133.288553,
                -32.490551
              ],
              [
                133.287616,
                -32.528476
              ],
              [
                133.267768,
                -32.50049
              ],
              [
                133.288553,
                -32.490551
              ]
            ]
          ],
          [
            [
              [
                133.283701,
                -32.554077
              ],
              [
                133.291466,
                -32.567595
              ],
              [
                133.275341,
                -32.565373
              ],
              [
                133.283701,
                -32.554077
              ]
            ]
          ],
          [
            [
              [
                133.289921,
                -32.585392
              ],
              [
                133.276318,
                -32.584805
              ],
              [
                133.284988,
                -32.578711
              ],
              [
                133.289921,
                -32.585392
              ]
            ]
          ]
        ]
      }
    },
    {
      "type": "Feature",
      "properties": {
        "STATE_NAME": "Western Australia",
        "STATE_CODE": "5"
      },
      "geometry": {
        "type": "MultiPolygon",
        "coordinates": [
          [
            [
              [
                113.394175,
                -26.39303
              ],
              [
                113.354662,
                -26.300853
              ],
              [
                113.336382,
                -26.300353
              ],
              [
                113.363739,
                -26.01748
              ],
              [
                113.506592,
                -26.363913
              ],
              [
                113.486493,
                -26.484834
              ],
              [
                113.537211,
                -26.27952
              ],
              [
                113.558225,
                -26.574004
              ],
              [
                113.598086,
                -26.614194
              ],
              [
                113.630553,
                -26.463272
              ],
              [
                113.664009,
                -26.674456
              ],
              [
                113.882864,
                -26.50847
              ],
              [
                113.880661,
                -26.335378
              ],
              [
                113.68805,
                -26.217539
              ],
              [
                113.5803,
                -26.097219
              ],
              [
                113.472435,
                -25.709316
              ],
              [
                113.469346,
                -25.785457
              ],
              [
                113.414475,
                -25.724737
              ],
              [
                113.511082,
                -25.503303
              ],
              [
                113.761857,
                -25.878595
              ],
              [
                113.699924,
                -26.044962
              ],
              [
                113.70321,
                -26.199769
              ],
              [
                113.813279,
                -26.178818
              ],
              [
                113.883738,
                -26.060216
              ],
              [
                113.879018,
                -26.068116
              ],
              [
                113.885248,
                -26.029306
              ],
              [
                113.865247,
                -25.955965
              ],
              [
                113.877217,
                -25.945125
              ],
              [
                113.972862,
                -26.342507
              ],
              [
                114.076792,
                -26.466587
              ],
              [
                114.237651,
                -26.312765
              ],
              [
                114.194667,
                -25.983571
              ],
              [
                114.218447,
                -25.968891
              ],
              [
                114.223607,
                -25.987401
              ],
              [
                114.245047,
                -25.992551
              ],
              [
                114.265307,
                -25.982131
              ],
              [
                114.266835,
                -25.88774
              ],
              [
                114.004183,
                -25.618519
              ],
              [
                113.817067,
                -25.173566
              ],
              [
                113.665985,
                -25.022706
              ],
              [
                113.691924,
                -24.928535
              ],
              [
                113.652354,
                -24.905115
              ],
              [
                113.65519,
                -24.882163
              ],
              [
                113.644444,
                -24.878065
              ],
              [
                113.706889,
                -24.850707
              ],
              [
                113.617533,
                -24.858645
              ],
              [
                113.623242,
                -24.746034
              ],
              [
                113.406958,
                -24.484176
              ],
              [
                113.390165,
                -24.223995
              ],
              [
                113.531906,
                -23.774839
              ],
              [
                113.778119,
                -23.478055
              ],
              [
                113.760475,
                -23.1213
              ],
              [
                113.826185,
                -22.956016
              ],
              [
                113.654082,
                -22.578773
              ],
              [
                114.023922,
                -21.851153
              ],
              [
                114.191014,
                -21.814581
              ],
              [
                114.080266,
                -22.154135
              ],
              [
                114.115818,
                -22.331156
              ],
              [
                114.178468,
                -22.305374
              ],
              [
                114.122099,
                -22.415806
              ],
              [
                114.14381,
                -22.538059
              ],
              [
                114.28237,
                -22.433786
              ],
              [
                114.34032,
                -22.516307
              ],
              [
                114.500461,
                -22.220498
              ],
              [
                114.45566,
                -22.159548
              ],
              [
                114.50799,
                -22.183507
              ],
              [
                114.648076,
                -21.844517
              ],
              [
                114.914256,
                -21.688344
              ],
              [
                115.49243,
                -21.545807
              ],
              [
                115.652546,
                -21.315654
              ],
              [
                115.756344,
                -21.253863
              ],
              [
                115.831246,
                -21.251437
              ],
              [
                115.833533,
                -21.205602
              ],
              [
                115.918152,
                -21.078751
              ],
              [
                116.146142,
                -21.012727
              ],
              [
                116.226741,
                -20.883454
              ],
              [
                116.20459,
                -20.833754
              ],
              [
                116.459009,
                -20.842679
              ],
              [
                116.442401,
                -20.824181
              ],
              [
                116.535647,
                -20.785559
              ],
              [
                116.525909,
                -20.752861
              ],
              [
                116.605204,
                -20.75382
              ],
              [
                116.579034,
                -20.692129
              ],
              [
                116.636794,
                -20.674709
              ],
              [
                116.602277,
                -20.728017
              ],
              [
                116.630624,
                -20.710729
              ],
              [
                116.629904,
                -20.732089
              ],
              [
                116.639594,
                -20.725949
              ],
              [
                116.663774,
                -20.741369
              ],
              [
                116.811161,
                -20.529187
              ],
              [
                116.867491,
                -20.526156
              ],
              [
                116.828193,
                -20.708718
              ],
              [
                116.919903,
                -20.740687
              ],
              [
                116.990212,
                -20.658155
              ],
              [
                117.128192,
                -20.654393
              ],
              [
                117.182811,
                -20.592332
              ],
              [
                117.200422,
                -20.666552
              ],
              [
                117.171942,
                -20.700593
              ],
              [
                117.369832,
                -20.734222
              ],
              [
                117.381762,
                -20.784363
              ],
              [
                117.630731,
                -20.663771
              ],
              [
                117.656312,
                -20.715471
              ],
              [
                117.809731,
                -20.67417
              ],
              [
                117.881738,
                -20.551958
              ],
              [
                117.975049,
                -20.550487
              ],
              [
                117.940918,
                -20.479916
              ],
              [
                118.181566,
                -20.336413
              ],
              [
                118.196158,
                -20.403754
              ],
              [
                118.845254,
                -20.286293
              ],
              [
                119.099709,
                -19.959323
              ],
              [
                119.569339,
                -20.080347
              ],
              [
                119.764148,
                -19.955563
              ],
              [
                120.631003,
                -19.770045
              ],
              [
                121.113922,
                -19.538571
              ],
              [
                121.511139,
                -19.093872
              ],
              [
                121.653186,
                -18.835929
              ],
              [
                121.618145,
                -18.706309
              ],
              [
                121.793046,
                -18.657178
              ],
              [
                121.729385,
                -18.575678
              ],
              [
                121.815214,
                -18.451138
              ],
              [
                121.946672,
                -18.439267
              ],
              [
                122.370266,
                -18.116445
              ],
              [
                122.378069,
                -17.989814
              ],
              [
                122.175331,
                -17.974005
              ],
              [
                122.173206,
                -17.263592
              ],
              [
                122.318985,
                -17.15895
              ],
              [
                122.253195,
                -17.11985
              ],
              [
                122.366353,
                -16.997639
              ],
              [
                122.481052,
                -16.981348
              ],
              [
                122.480221,
                -16.894587
              ],
              [
                122.507952,
                -16.954367
              ],
              [
                122.527572,
                -16.947677
              ],
              [
                122.554002,
                -16.962397
              ],
              [
                122.612161,
                -16.965257
              ],
              [
                122.533801,
                -16.836947
              ],
              [
                122.57943,
                -16.762136
              ],
              [
                122.845567,
                -16.792031
              ],
              [
                122.741798,
                -16.683403
              ],
              [
                122.925294,
                -16.389451
              ],
              [
                123.038893,
                -16.35921
              ],
              [
                123.076683,
                -16.440339
              ],
              [
                122.982984,
                -16.46513
              ],
              [
                122.954425,
                -16.58014
              ],
              [
                123.138833,
                -16.688477
              ],
              [
                123.149104,
                -16.924718
              ],
              [
                123.263354,
                -17.011833
              ],
              [
                123.392728,
                -17.316253
              ],
              [
                123.58035,
                -17.584192
              ],
              [
                123.646226,
                -17.183951
              ],
              [
                123.583544,
                -17.03326
              ],
              [
                123.647972,
                -16.999738
              ],
              [
                123.660033,
                -17.039649
              ],
              [
                123.862494,
                -17.216569
              ],
              [
                123.912493,
                -17.211858
              ],
              [
                123.796449,
                -17.004007
              ],
              [
                123.959268,
                -16.852416
              ],
              [
                123.79612,
                -16.911838
              ],
              [
                123.711529,
                -16.752718
              ],
              [
                123.502801,
                -16.658826
              ],
              [
                123.615142,
                -16.554332
              ],
              [
                123.526052,
                -16.544414
              ],
              [
                123.511602,
                -16.597756
              ],
              [
                123.513442,
                -16.568415
              ],
              [
                123.468072,
                -16.518225
              ],
              [
                123.428532,
                -16.511196
              ],
              [
                123.428542,
                -16.498866
              ],
              [
                123.662934,
                -16.49109
              ],
              [
                123.509122,
                -16.380235
              ],
              [
                123.607993,
                -16.425752
              ],
              [
                123.621393,
                -16.429971
              ],
              [
                123.629572,
                -16.422992
              ],
              [
                123.665523,
                -16.43663
              ],
              [
                123.697213,
                -16.414851
              ],
              [
                123.629232,
                -16.356753
              ],
              [
                123.716902,
                -16.372392
              ],
              [
                123.697421,
                -16.337533
              ],
              [
                123.627141,
                -16.290494
              ],
              [
                123.550201,
                -16.283154
              ],
              [
                123.61663,
                -16.261804
              ],
              [
                123.55669,
                -16.177745
              ],
              [
                123.770559,
                -16.170593
              ],
              [
                123.7968,
                -16.209233
              ],
              [
                123.81461,
                -16.219653
              ],
              [
                123.77159,
                -16.216153
              ],
              [
                123.79694,
                -16.263033
              ],
              [
                123.7833,
                -16.243033
              ],
              [
                123.78349,
                -16.262143
              ],
              [
                123.77714,
                -16.251803
              ],
              [
                123.74296,
                -16.253123
              ],
              [
                123.740651,
                -16.263273
              ],
              [
                123.796371,
                -16.316123
              ],
              [
                123.86594,
                -16.327873
              ],
              [
                123.836461,
                -16.354373
              ],
              [
                123.8711,
                -16.447055
              ],
              [
                123.91702,
                -16.352203
              ],
              [
                123.8838,
                -16.304033
              ],
              [
                123.98759,
                -16.370433
              ],
              [
                123.909909,
                -16.210293
              ],
              [
                124.124448,
                -16.280432
              ],
              [
                124.222718,
                -16.418441
              ],
              [
                124.390137,
                -16.445191
              ],
              [
                124.410298,
                -16.543251
              ],
              [
                124.468217,
                -16.498551
              ],
              [
                124.388797,
                -16.415221
              ],
              [
                124.336527,
                -16.418821
              ],
              [
                124.387487,
                -16.34562
              ],
              [
                124.449227,
                -16.41091
              ],
              [
                124.840514,
                -16.43432
              ],
              [
                124.917184,
                -16.420818
              ],
              [
                124.947665,
                -16.393327
              ],
              [
                124.814465,
                -16.416409
              ],
              [
                124.693485,
                -16.344719
              ],
              [
                124.570956,
                -16.32929
              ],
              [
                124.424167,
                -16.35958
              ],
              [
                124.394547,
                -16.33853
              ],
              [
                124.444346,
                -16.065389
              ],
              [
                124.508166,
                -16.206029
              ],
              [
                124.646945,
                -16.098108
              ],
              [
                124.588116,
                -16.109518
              ],
              [
                124.607845,
                -15.891317
              ],
              [
                124.741585,
                -15.822276
              ],
              [
                124.704784,
                -15.741066
              ],
              [
                124.632785,
                -15.778957
              ],
              [
                124.498596,
                -15.998068
              ],
              [
                124.476646,
                -15.820258
              ],
              [
                124.461202,
                -15.802971
              ],
              [
                124.443376,
                -15.809198
              ],
              [
                124.409286,
                -15.863848
              ],
              [
                124.437256,
                -15.711468
              ],
              [
                124.368816,
                -15.671878
              ],
              [
                124.500625,
                -15.636687
              ],
              [
                124.404585,
                -15.615128
              ],
              [
                124.417525,
                -15.549247
              ],
              [
                124.518254,
                -15.468737
              ],
              [
                124.628764,
                -15.525666
              ],
              [
                124.645724,
                -15.424696
              ],
              [
                124.674194,
                -15.498086
              ],
              [
                124.744773,
                -15.361785
              ],
              [
                124.661984,
                -15.354946
              ],
              [
                124.705033,
                -15.253395
              ],
              [
                124.753253,
                -15.354425
              ],
              [
                124.846793,
                -15.299055
              ],
              [
                124.836373,
                -15.316365
              ],
              [
                124.847703,
                -15.328535
              ],
              [
                124.840523,
                -15.340645
              ],
              [
                124.847663,
                -15.353175
              ],
              [
                124.978842,
                -15.409605
              ],
              [
                124.952943,
                -15.489225
              ],
              [
                125.018333,
                -15.471494
              ],
              [
                125.002103,
                -15.517755
              ],
              [
                125.017103,
                -15.544665
              ],
              [
                125.046883,
                -15.473764
              ],
              [
                125.088652,
                -15.463214
              ],
              [
                125.225298,
                -15.572295
              ],
              [
                125.421186,
                -15.696025
              ],
              [
                125.070032,
                -15.440244
              ],
              [
                125.164091,
                -15.330574
              ],
              [
                125.088561,
                -15.337704
              ],
              [
                125.118921,
                -15.255614
              ],
              [
                124.897912,
                -15.339925
              ],
              [
                124.927432,
                -15.229224
              ],
              [
                125.005642,
                -15.241934
              ],
              [
                125.056031,
                -15.164434
              ],
              [
                124.970141,
                -15.164254
              ],
              [
                124.875772,
                -15.261915
              ],
              [
                124.896372,
                -15.173444
              ],
              [
                124.833912,
                -15.157965
              ],
              [
                125.029861,
                -15.113284
              ],
              [
                125.01197,
                -14.983164
              ],
              [
                125.07429,
                -14.975763
              ],
              [
                125.16324,
                -15.151363
              ],
              [
                125.2811,
                -15.097543
              ],
              [
                125.33493,
                -15.162923
              ],
              [
                125.481329,
                -15.154802
              ],
              [
                125.357649,
                -15.108373
              ],
              [
                125.481598,
                -14.998582
              ],
              [
                125.385939,
                -15.032552
              ],
              [
                125.365369,
                -14.991422
              ],
              [
                125.285599,
                -14.999193
              ],
              [
                125.304639,
                -14.961642
              ],
              [
                125.254389,
                -14.978403
              ],
              [
                125.257649,
                -14.943753
              ],
              [
                125.213719,
                -14.969813
              ],
              [
                125.333978,
                -14.881312
              ],
              [
                125.210099,
                -14.864883
              ],
              [
                125.141429,
                -14.747673
              ],
              [
                125.308418,
                -14.649942
              ],
              [
                125.204228,
                -14.651462
              ],
              [
                125.347587,
                -14.564732
              ],
              [
                125.364136,
                -14.505743
              ],
              [
                125.429947,
                -14.641492
              ],
              [
                125.520306,
                -14.500245
              ],
              [
                125.534786,
                -14.563911
              ],
              [
                125.599326,
                -14.56264
              ],
              [
                125.596212,
                -14.237326
              ],
              [
                125.730063,
                -14.280985
              ],
              [
                125.651544,
                -14.386005
              ],
              [
                125.646906,
                -14.648196
              ],
              [
                125.708916,
                -14.486577
              ],
              [
                125.774405,
                -14.47971
              ],
              [
                125.806095,
                -14.44432
              ],
              [
                125.830574,
                -14.58509
              ],
              [
                125.936734,
                -14.64297
              ],
              [
                125.920584,
                -14.53724
              ],
              [
                126.050933,
                -14.52964
              ],
              [
                126.019604,
                -14.41138
              ],
              [
                125.985464,
                -14.41953
              ],
              [
                125.976674,
                -14.3933
              ],
              [
                126.088431,
                -14.351209
              ],
              [
                126.053401,
                -14.254209
              ],
              [
                126.169718,
                -14.146188
              ],
              [
                125.993078,
                -14.068211
              ],
              [
                125.976228,
                -14.039641
              ],
              [
                125.983847,
                -13.989812
              ],
              [
                126.010148,
                -14.065431
              ],
              [
                126.038186,
                -13.981531
              ],
              [
                126.102616,
                -14.04084
              ],
              [
                126.011206,
                -13.925722
              ],
              [
                126.158385,
                -13.91504
              ],
              [
                126.109766,
                -14.02829
              ],
              [
                126.187035,
                -13.968129
              ],
              [
                126.215825,
                -13.967579
              ],
              [
                126.150826,
                -14.08016
              ],
              [
                126.214206,
                -14.076488
              ],
              [
                126.185969,
                -14.166938
              ],
              [
                126.25363,
                -14.239177
              ],
              [
                126.360798,
                -14.189937
              ],
              [
                126.297568,
                -14.138837
              ],
              [
                126.334326,
                -14.050036
              ],
              [
                126.536992,
                -13.934446
              ],
              [
                126.449465,
                -14.083736
              ],
              [
                126.525444,
                -14.081666
              ],
              [
                126.499154,
                -14.130286
              ],
              [
                126.569774,
                -14.139795
              ],
              [
                126.564995,
                -14.216765
              ],
              [
                126.575465,
                -14.228705
              ],
              [
                126.601665,
                -14.235825
              ],
              [
                126.644843,
                -14.077095
              ],
              [
                126.693834,
                -14.134724
              ],
              [
                126.762732,
                -14.050093
              ],
              [
                126.706052,
                -13.973334
              ],
              [
                126.728763,
                -13.996574
              ],
              [
                126.750702,
                -13.972143
              ],
              [
                126.810002,
                -13.997903
              ],
              [
                126.838291,
                -13.971073
              ],
              [
                126.882141,
                -13.998573
              ],
              [
                126.905371,
                -13.985232
              ],
              [
                126.839461,
                -13.927693
              ],
              [
                126.805571,
                -13.930473
              ],
              [
                126.743302,
                -13.791753
              ],
              [
                126.766621,
                -13.776463
              ],
              [
                126.84232,
                -13.816982
              ],
              [
                126.963289,
                -13.741672
              ],
              [
                127.14288,
                -13.982251
              ],
              [
                127.190729,
                -13.90401
              ],
              [
                127.20775,
                -13.97359
              ],
              [
                127.246709,
                -13.90042
              ],
              [
                127.430068,
                -13.942949
              ],
              [
                127.452509,
                -14.058779
              ],
              [
                127.669848,
                -14.190547
              ],
              [
                127.850137,
                -14.484474
              ],
              [
                127.949346,
                -14.524204
              ],
              [
                127.952637,
                -14.586036
              ],
              [
                128.221707,
                -14.721238
              ],
              [
                128.118506,
                -14.86134
              ],
              [
                128.040359,
                -15.292772
              ],
              [
                128.08936,
                -15.390305
              ],
              [
                127.99878,
                -15.518106
              ],
              [
                128.11433,
                -15.427996
              ],
              [
                128.128299,
                -15.183684
              ],
              [
                128.258018,
                -15.306325
              ],
              [
                128.292269,
                -15.459855
              ],
              [
                128.327369,
                -15.505114
              ],
              [
                128.341638,
                -15.501284
              ],
              [
                128.194027,
                -15.093513
              ],
              [
                128.265466,
                -14.982582
              ],
              [
                128.331196,
                -15.035402
              ],
              [
                128.313916,
                -14.925681
              ],
              [
                128.361855,
                -15.066602
              ],
              [
                128.358105,
                -14.991272
              ],
              [
                128.410375,
                -15.032072
              ],
              [
                128.358205,
                -14.885031
              ],
              [
                128.518983,
                -15.014752
              ],
              [
                128.466974,
                -14.889092
              ],
              [
                128.380945,
                -14.8234
              ],
              [
                128.393426,
                -14.80445
              ],
              [
                128.550455,
                -14.767932
              ],
              [
                129.001242,
                -14.879473
              ],
              [
                129.00134,
                -31.687068
              ],
              [
                128.314269,
                -31.979367
              ],
              [
                127.32596,
                -32.256526
              ],
              [
                126.672789,
                -32.308371
              ],
              [
                126.203139,
                -32.232277
              ],
              [
                125.95101,
                -32.290542
              ],
              [
                124.814039,
                -32.872863
              ],
              [
                124.238655,
                -33.017591
              ],
              [
                124.101189,
                -33.176154
              ],
              [
                123.97602,
                -33.558606
              ],
              [
                123.534286,
                -33.940132
              ],
              [
                123.371446,
                -33.895893
              ],
              [
                123.163068,
                -34.016635
              ],
              [
                123.133887,
                -33.904374
              ],
              [
                123.022718,
                -33.856644
              ],
              [
                122.61869,
                -33.892836
              ],
              [
                122.57153,
                -33.961417
              ],
              [
                122.364201,
                -33.913517
              ],
              [
                122.113573,
                -34.017199
              ],
              [
                122.001002,
                -33.829299
              ],
              [
                121.789874,
                -33.909049
              ],
              [
                121.361874,
                -33.815443
              ],
              [
                120.593472,
                -33.886246
              ],
              [
                120.43657,
                -33.971882
              ],
              [
                120.042168,
                -33.923368
              ],
              [
                119.597462,
                -34.134587
              ],
              [
                119.45712,
                -34.289075
              ],
              [
                119.576278,
                -34.387181
              ],
              [
                119.415734,
                -34.373289
              ],
              [
                119.418618,
                -34.458921
              ],
              [
                119.289851,
                -34.45198
              ],
              [
                119.25449,
                -34.5346
              ],
              [
                118.911791,
                -34.462878
              ],
              [
                118.755351,
                -34.545573
              ],
              [
                118.722385,
                -34.656893
              ],
              [
                118.440144,
                -34.760757
              ],
              [
                118.403425,
                -34.916704
              ],
              [
                118.175323,
                -34.940093
              ],
              [
                118.2107,
                -34.978845
              ],
              [
                118.187455,
                -35.024623
              ],
              [
                117.961875,
                -35.01313
              ],
              [
                117.94893,
                -34.94365
              ],
              [
                117.848248,
                -35.044897
              ],
              [
                117.920354,
                -35.04087
              ],
              [
                118.021209,
                -35.107929
              ],
              [
                117.685596,
                -35.043346
              ],
              [
                117.611236,
                -35.133337
              ],
              [
                117.332467,
                -35.022812
              ],
              [
                117.465766,
                -35.020544
              ],
              [
                117.455199,
                -34.966957
              ],
              [
                117.150469,
                -35.06148
              ],
              [
                116.481664,
                -35.016156
              ],
              [
                116.261291,
                -34.879922
              ],
              [
                116.002145,
                -34.842218
              ],
              [
                115.577862,
                -34.422088
              ],
              [
                115.168887,
                -34.321749
              ],
              [
                115.176676,
                -34.265659
              ],
              [
                115.133997,
                -34.376086
              ],
              [
                115.02375,
                -34.253029
              ],
              [
                115.003732,
                -33.530913
              ],
              [
                115.20671,
                -33.65104
              ],
              [
                115.367242,
                -33.639391
              ],
              [
                115.66626,
                -33.322086
              ],
              [
                115.608247,
                -32.666719
              ],
              [
                115.627811,
                -32.599548
              ],
              [
                115.710538,
                -32.520568
              ],
              [
                115.641006,
                -32.618505
              ],
              [
                115.712431,
                -32.78772
              ],
              [
                115.666353,
                -32.615729
              ],
              [
                115.7775,
                -32.596343
              ],
              [
                115.684747,
                -32.265981
              ],
              [
                115.774567,
                -32.193807
              ],
              [
                115.732237,
                -32.055678
              ],
              [
                115.860631,
                -32.045816
              ],
              [
                115.845083,
                -31.965227
              ],
              [
                115.883729,
                -31.969067
              ],
              [
                115.885924,
                -31.940556
              ],
              [
                115.89873,
                -31.953675
              ],
              [
                115.914832,
                -31.951167
              ],
              [
                115.91012,
                -31.935993
              ],
              [
                115.936307,
                -31.931023
              ],
              [
                115.941252,
                -31.920401
              ],
              [
                115.951409,
                -31.923068
              ],
              [
                115.964464,
                -31.908432
              ],
              [
                115.958636,
                -31.895333
              ],
              [
                115.974023,
                -31.893722
              ],
              [
                115.958093,
                -31.895192
              ],
              [
                115.950687,
                -31.922417
              ],
              [
                115.941162,
                -31.91977
              ],
              [
                115.908899,
                -31.934846
              ],
              [
                115.914072,
                -31.95032
              ],
              [
                115.884725,
                -31.938378
              ],
              [
                115.883369,
                -31.966952
              ],
              [
                115.842509,
                -31.963201
              ],
              [
                115.804136,
                -32.002921
              ],
              [
                115.773792,
                -31.989209
              ],
              [
                115.779784,
                -32.018867
              ],
              [
                115.724374,
                -32.054056
              ],
              [
                115.685783,
                -31.653709
              ],
              [
                115.057946,
                -30.510248
              ],
              [
                114.954846,
                -30.048851
              ],
              [
                114.997569,
                -29.493548
              ],
              [
                114.872084,
                -29.116741
              ],
              [
                114.576178,
                -28.784586
              ],
              [
                114.612666,
                -28.665159
              ],
              [
                114.533698,
                -28.494488
              ],
              [
                114.174711,
                -28.110972
              ],
              [
                114.105399,
                -27.850373
              ],
              [
                114.181666,
                -27.68031
              ],
              [
                113.965158,
                -27.230748
              ],
              [
                113.15627,
                -26.151674
              ],
              [
                113.269961,
                -26.241773
              ],
              [
                113.299268,
                -26.015961
              ],
              [
                113.326702,
                -26.337274
              ],
              [
                113.394175,
                -26.39303
              ]
            ],
            [
              [
                113.39456,
                -26.393282
              ],
              [
                113.399893,
                -26.418244
              ],
              [
                113.397963,
                -26.395514
              ],
              [
                113.39456,
                -26.393282
              ]
            ],
            [
              [
                117.976842,
                -34.951647
              ],
              [
                117.981459,
                -34.940024
              ],
              [
                117.973842,
                -34.938553
              ],
              [
                117.976842,
                -34.951647
              ]
            ],
            [
              [
                125.035068,
                -15.518022
              ],
              [
                125.039513,
                -15.521804
              ],
              [
                125.044273,
                -15.518854
              ],
              [
                125.035068,
                -15.518022
              ]
            ],
            [
              [
                121.794599,
                -18.520144
              ],
              [
                121.788124,
                -18.537738
              ],
              [
                121.798334,
                -18.529968
              ],
              [
                121.794599,
                -18.520144
              ]
            ],
            [
              [
                118.850525,
                -20.288689
              ],
              [
                118.854834,
                -20.290648
              ],
              [
                118.860274,
                -20.282098
              ],
              [
                118.850525,
                -20.288689
              ]
            ],
            [
              [
                117.549725,
                -20.718291
              ],
              [
                117.542282,
                -20.736201
              ],
              [
                117.555702,
                -20.730841
              ],
              [
                117.549725,
                -20.718291
              ]
            ],
            [
              [
                117.183842,
                -20.672712
              ],
              [
                117.171982,
                -20.654672
              ],
              [
                117.168002,
                -20.682233
              ],
              [
                117.183842,
                -20.672712
              ]
            ],
            [
              [
                116.986246,
                -20.67194
              ],
              [
                116.986892,
                -20.678945
              ],
              [
                116.987201,
                -20.672225
              ],
              [
                116.986246,
                -20.67194
              ]
            ],
            [
              [
                116.675721,
                -20.732565
              ],
              [
                116.684754,
                -20.750459
              ],
              [
                116.685855,
                -20.737179
              ],
              [
                116.675721,
                -20.732565
              ]
            ],
            [
              [
                116.652363,
                -20.735693
              ],
              [
                116.648021,
                -20.744457
              ],
              [
                116.657564,
                -20.740319
              ],
              [
                116.652363,
                -20.735693
              ]
            ],
            [
              [
                116.64762,
                -20.745267
              ],
              [
                116.647024,
                -20.746469
              ],
              [
                116.653634,
                -20.749079
              ],
              [
                116.64762,
                -20.745267
              ]
            ],
            [
              [
                116.635949,
                -20.741603
              ],
              [
                116.629764,
                -20.75117
              ],
              [
                116.639924,
                -20.753219
              ],
              [
                116.635949,
                -20.741603
              ]
            ],
            [
              [
                116.467914,
                -20.827356
              ],
              [
                116.47438,
                -20.830951
              ],
              [
                116.48105,
                -20.826031
              ],
              [
                116.467914,
                -20.827356
              ]
            ],
            [
              [
                116.485241,
                -20.842201
              ],
              [
                116.477603,
                -20.851601
              ],
              [
                116.485251,
                -20.843561
              ],
              [
                116.494862,
                -20.850981
              ],
              [
                116.485241,
                -20.842201
              ]
            ],
            [
              [
                116.105599,
                -21.038434
              ],
              [
                116.098903,
                -21.051678
              ],
              [
                116.106463,
                -21.039628
              ],
              [
                116.105599,
                -21.038434
              ]
            ],
            [
              [
                115.865343,
                -21.193362
              ],
              [
                115.852203,
                -21.202932
              ],
              [
                115.860393,
                -21.204192
              ],
              [
                115.865343,
                -21.193362
              ]
            ],
            [
              [
                115.837066,
                -21.252095
              ],
              [
                115.844386,
                -21.252924
              ],
              [
                115.839835,
                -21.243884
              ],
              [
                115.837066,
                -21.252095
              ]
            ],
            [
              [
                115.796082,
                -21.265486
              ],
              [
                115.796144,
                -21.277203
              ],
              [
                115.799054,
                -21.270333
              ],
              [
                115.796082,
                -21.265486
              ]
            ],
            [
              [
                115.745603,
                -21.281369
              ],
              [
                115.738704,
                -21.285483
              ],
              [
                115.748584,
                -21.289433
              ],
              [
                115.745603,
                -21.281369
              ]
            ],
            [
              [
                115.330103,
                -21.587178
              ],
              [
                115.333837,
                -21.59608
              ],
              [
                115.341628,
                -21.59599
              ],
              [
                115.330103,
                -21.587178
              ]
            ],
            [
              [
                113.618798,
                -26.520622
              ],
              [
                113.621535,
                -26.538733
              ],
              [
                113.626274,
                -26.524293
              ],
              [
                113.618798,
                -26.520622
              ]
            ],
            [
              [
                115.916775,
                -21.092912
              ],
              [
                115.915002,
                -21.092741
              ],
              [
                115.911913,
                -21.101581
              ],
              [
                115.916775,
                -21.092912
              ]
            ],
            [
              [
                116.54043,
                -20.766632
              ],
              [
                116.542108,
                -20.778411
              ],
              [
                116.542417,
                -20.766341
              ],
              [
                116.54043,
                -20.766632
              ]
            ],
            [
              [
                117.173242,
                -20.6312
              ],
              [
                117.165632,
                -20.628352
              ],
              [
                117.165392,
                -20.634562
              ],
              [
                117.173242,
                -20.6312
              ]
            ],
            [
              [
                117.339756,
                -20.759099
              ],
              [
                117.320242,
                -20.758523
              ],
              [
                117.331982,
                -20.770573
              ],
              [
                117.339756,
                -20.759099
              ]
            ],
            [
              [
                122.293413,
                -17.119248
              ],
              [
                122.301624,
                -17.1209
              ],
              [
                122.303484,
                -17.11242
              ],
              [
                122.293413,
                -17.119248
              ]
            ],
            [
              [
                124.461531,
                -15.798338
              ],
              [
                124.462486,
                -15.784878
              ],
              [
                124.457736,
                -15.782938
              ],
              [
                124.461531,
                -15.798338
              ]
            ],
            [
              [
                115.889384,
                -32.017527
              ],
              [
                115.883354,
                -32.02421
              ],
              [
                115.893076,
                -32.020538
              ],
              [
                115.889384,
                -32.017527
              ]
            ]
          ],
          [
            [
              [
                126.565501,
                -13.944357
              ],
              [
                126.571232,
                -13.940515
              ],
              [
                126.577382,
                -13.953835
              ],
              [
                126.565501,
                -13.944357
              ]
            ]
          ],
          [
            [
              [
                128.473074,
                -14.909232
              ],
              [
                128.466514,
                -14.928312
              ],
              [
                128.445495,
                -14.879882
              ],
              [
                128.473074,
                -14.909232
              ]
            ]
          ],
          [
            [
              [
                128.442715,
                -14.878632
              ],
              [
                128.440015,
                -14.885962
              ],
              [
                128.428115,
                -14.863211
              ],
              [
                128.442715,
                -14.878632
              ]
            ]
          ],
          [
            [
              [
                128.319876,
                -14.74137
              ],
              [
                128.310046,
                -14.762809
              ],
              [
                128.294696,
                -14.73552
              ],
              [
                128.319876,
                -14.74137
              ]
            ]
          ],
          [
            [
              [
                128.124787,
                -15.040363
              ],
              [
                128.197088,
                -15.193993
              ],
              [
                128.126268,
                -15.156214
              ],
              [
                128.124787,
                -15.040363
              ]
            ]
          ],
          [
            [
              [
                128.113189,
                -15.171674
              ],
              [
                128.09905,
                -15.195714
              ],
              [
                128.104589,
                -15.165434
              ],
              [
                128.113189,
                -15.171674
              ]
            ]
          ],
          [
            [
              [
                127.863297,
                -14.430414
              ],
              [
                127.850857,
                -14.479504
              ],
              [
                127.838567,
                -14.457404
              ],
              [
                127.863297,
                -14.430414
              ]
            ]
          ],
          [
            [
              [
                127.810847,
                -14.352944
              ],
              [
                127.811177,
                -14.377584
              ],
              [
                127.805377,
                -14.357554
              ],
              [
                127.810847,
                -14.352944
              ]
            ]
          ],
          [
            [
              [
                127.716148,
                -14.237427
              ],
              [
                127.702088,
                -14.242037
              ],
              [
                127.709898,
                -14.233497
              ],
              [
                127.716148,
                -14.237427
              ]
            ]
          ],
          [
            [
              [
                127.175689,
                -13.90361
              ],
              [
                127.15658,
                -13.8987
              ],
              [
                127.162769,
                -13.88286
              ],
              [
                127.175689,
                -13.90361
              ]
            ]
          ],
          [
            [
              [
                126.883291,
                -13.973143
              ],
              [
                126.880651,
                -13.976183
              ],
              [
                126.819851,
                -13.953943
              ],
              [
                126.866481,
                -13.955883
              ],
              [
                126.883291,
                -13.973143
              ]
            ]
          ],
          [
            [
              [
                126.882947,
                -13.990749
              ],
              [
                126.893852,
                -13.98782
              ],
              [
                126.883232,
                -13.992553
              ],
              [
                126.882947,
                -13.990749
              ]
            ]
          ],
          [
            [
              [
                126.897513,
                -13.986188
              ],
              [
                126.892161,
                -13.981922
              ],
              [
                126.900801,
                -13.984722
              ],
              [
                126.897513,
                -13.986188
              ]
            ]
          ],
          [
            [
              [
                126.824461,
                -13.945683
              ],
              [
                126.818571,
                -13.949533
              ],
              [
                126.815661,
                -13.941183
              ],
              [
                126.824461,
                -13.945683
              ]
            ]
          ],
          [
            [
              [
                126.700442,
                -13.943074
              ],
              [
                126.676642,
                -13.961404
              ],
              [
                126.693602,
                -13.931334
              ],
              [
                126.700442,
                -13.943074
              ]
            ]
          ],
          [
            [
              [
                126.625481,
                -13.853265
              ],
              [
                126.620552,
                -13.882635
              ],
              [
                126.614971,
                -13.862425
              ],
              [
                126.625481,
                -13.853265
              ]
            ]
          ],
          [
            [
              [
                126.522702,
                -13.866126
              ],
              [
                126.608682,
                -13.913715
              ],
              [
                126.502832,
                -13.886356
              ],
              [
                126.522702,
                -13.866126
              ]
            ]
          ],
          [
            [
              [
                126.600722,
                -13.935855
              ],
              [
                126.604452,
                -13.952905
              ],
              [
                126.595412,
                -13.941965
              ],
              [
                126.600722,
                -13.935855
              ]
            ]
          ],
          [
            [
              [
                126.586004,
                -14.200855
              ],
              [
                126.577495,
                -14.217165
              ],
              [
                126.575684,
                -14.197625
              ],
              [
                126.586004,
                -14.200855
              ]
            ]
          ],
          [
            [
              [
                126.574715,
                -14.216505
              ],
              [
                126.574985,
                -14.226215
              ],
              [
                126.569845,
                -14.213465
              ],
              [
                126.574895,
                -14.203735
              ],
              [
                126.574715,
                -14.216505
              ]
            ]
          ],
          [
            [
              [
                126.376474,
                -13.974616
              ],
              [
                126.384284,
                -14.011456
              ],
              [
                126.362484,
                -13.982636
              ],
              [
                126.376474,
                -13.974616
              ]
            ]
          ],
          [
            [
              [
                126.309624,
                -13.927187
              ],
              [
                126.314825,
                -13.961857
              ],
              [
                126.299795,
                -13.967608
              ],
              [
                126.309624,
                -13.927187
              ]
            ]
          ],
          [
            [
              [
                126.318984,
                -13.886197
              ],
              [
                126.301534,
                -13.883367
              ],
              [
                126.303843,
                -13.866997
              ],
              [
                126.318984,
                -13.886197
              ]
            ]
          ],
          [
            [
              [
                126.303384,
                -13.903917
              ],
              [
                126.312164,
                -13.923117
              ],
              [
                126.300144,
                -13.920747
              ],
              [
                126.303384,
                -13.903917
              ]
            ]
          ],
          [
            [
              [
                126.299029,
                -14.163357
              ],
              [
                126.285279,
                -14.171187
              ],
              [
                126.291609,
                -14.159537
              ],
              [
                126.299029,
                -14.163357
              ]
            ]
          ],
          [
            [
              [
                126.295165,
                -13.941298
              ],
              [
                126.283835,
                -13.945698
              ],
              [
                126.272154,
                -13.927738
              ],
              [
                126.295165,
                -13.941298
              ]
            ]
          ],
          [
            [
              [
                126.243438,
                -14.148258
              ],
              [
                126.236298,
                -14.161728
              ],
              [
                126.230478,
                -14.150328
              ],
              [
                126.243438,
                -14.148258
              ]
            ]
          ],
          [
            [
              [
                126.174215,
                -13.932659
              ],
              [
                126.164605,
                -13.96359
              ],
              [
                126.155925,
                -13.96054
              ],
              [
                126.174215,
                -13.932659
              ]
            ]
          ],
          [
            [
              [
                126.152473,
                -13.75244
              ],
              [
                126.150383,
                -13.75967
              ],
              [
                126.145423,
                -13.7486
              ],
              [
                126.152473,
                -13.75244
              ]
            ]
          ],
          [
            [
              [
                126.008991,
                -14.28094
              ],
              [
                126.017662,
                -14.35322
              ],
              [
                125.986611,
                -14.28927
              ],
              [
                126.008991,
                -14.28094
              ]
            ]
          ],
          [
            [
              [
                126.01839,
                -14.22524
              ],
              [
                126.006511,
                -14.24932
              ],
              [
                125.993481,
                -14.24369
              ],
              [
                126.01839,
                -14.22524
              ]
            ]
          ],
          [
            [
              [
                125.988004,
                -14.43569
              ],
              [
                125.994703,
                -14.44816
              ],
              [
                125.982774,
                -14.44646
              ],
              [
                125.988004,
                -14.43569
              ]
            ]
          ],
          [
            [
              [
                125.982953,
                -14.36431
              ],
              [
                125.984294,
                -14.38883
              ],
              [
                125.971004,
                -14.38822
              ],
              [
                125.982953,
                -14.36431
              ]
            ]
          ],
          [
            [
              [
                125.994222,
                -14.32166
              ],
              [
                125.976263,
                -14.3379
              ],
              [
                125.976392,
                -14.32819
              ],
              [
                125.994222,
                -14.32166
              ]
            ]
          ],
          [
            [
              [
                125.959372,
                -14.32219
              ],
              [
                125.944484,
                -14.388761
              ],
              [
                125.924224,
                -14.377221
              ],
              [
                125.959372,
                -14.32219
              ]
            ]
          ],
          [
            [
              [
                125.79419,
                -14.160684
              ],
              [
                125.78758,
                -14.171164
              ],
              [
                125.778,
                -14.157944
              ],
              [
                125.79419,
                -14.160684
              ]
            ]
          ],
          [
            [
              [
                125.773283,
                -14.326554
              ],
              [
                125.761373,
                -14.323784
              ],
              [
                125.767393,
                -14.319544
              ],
              [
                125.773283,
                -14.326554
              ]
            ]
          ],
          [
            [
              [
                125.754125,
                -14.41647
              ],
              [
                125.717745,
                -14.477008
              ],
              [
                125.727955,
                -14.409532
              ],
              [
                125.754125,
                -14.41647
              ]
            ]
          ],
          [
            [
              [
                125.730171,
                -14.174664
              ],
              [
                125.730941,
                -14.192834
              ],
              [
                125.722521,
                -14.182884
              ],
              [
                125.730171,
                -14.174664
              ]
            ]
          ],
          [
            [
              [
                125.720544,
                -14.351845
              ],
              [
                125.711384,
                -14.355436
              ],
              [
                125.708274,
                -14.347987
              ],
              [
                125.720544,
                -14.351845
              ]
            ]
          ],
          [
            [
              [
                125.70438,
                -14.116245
              ],
              [
                125.69426,
                -14.139815
              ],
              [
                125.69214,
                -14.107645
              ],
              [
                125.70438,
                -14.116245
              ]
            ]
          ],
          [
            [
              [
                125.678251,
                -14.157615
              ],
              [
                125.677281,
                -14.176345
              ],
              [
                125.669431,
                -14.165715
              ],
              [
                125.678251,
                -14.157615
              ]
            ]
          ],
          [
            [
              [
                125.669664,
                -14.367766
              ],
              [
                125.680644,
                -14.377946
              ],
              [
                125.670674,
                -14.379616
              ],
              [
                125.669664,
                -14.367766
              ]
            ]
          ],
          [
            [
              [
                125.634118,
                -13.946145
              ],
              [
                125.628488,
                -13.961835
              ],
              [
                125.625588,
                -13.931445
              ],
              [
                125.634118,
                -13.946145
              ]
            ]
          ],
          [
            [
              [
                125.579004,
                -14.348696
              ],
              [
                125.580004,
                -14.364495
              ],
              [
                125.573424,
                -14.357146
              ],
              [
                125.579004,
                -14.348696
              ]
            ]
          ],
          [
            [
              [
                125.538116,
                -14.474552
              ],
              [
                125.523476,
                -14.485014
              ],
              [
                125.529795,
                -14.422604
              ],
              [
                125.538116,
                -14.474552
              ]
            ]
          ],
          [
            [
              [
                125.560821,
                -14.105266
              ],
              [
                125.551441,
                -14.107607
              ],
              [
                125.554701,
                -14.099607
              ],
              [
                125.560821,
                -14.105266
              ]
            ]
          ],
          [
            [
              [
                125.520985,
                -14.425064
              ],
              [
                125.516085,
                -14.434874
              ],
              [
                125.500805,
                -14.430424
              ],
              [
                125.520985,
                -14.425064
              ]
            ]
          ],
          [
            [
              [
                125.505796,
                -14.508106
              ],
              [
                125.491656,
                -14.506826
              ],
              [
                125.503966,
                -14.499867
              ],
              [
                125.505796,
                -14.508106
              ]
            ]
          ],
          [
            [
              [
                125.484076,
                -14.484795
              ],
              [
                125.473326,
                -14.511963
              ],
              [
                125.444556,
                -14.481282
              ],
              [
                125.484076,
                -14.484795
              ]
            ]
          ],
          [
            [
              [
                125.443567,
                -14.574971
              ],
              [
                125.433117,
                -14.580811
              ],
              [
                125.439187,
                -14.568081
              ],
              [
                125.443567,
                -14.574971
              ]
            ]
          ],
          [
            [
              [
                125.431996,
                -14.531811
              ],
              [
                125.438086,
                -14.54707
              ],
              [
                125.426266,
                -14.544551
              ],
              [
                125.431996,
                -14.531811
              ]
            ]
          ],
          [
            [
              [
                125.435636,
                -14.55395
              ],
              [
                125.419127,
                -14.564851
              ],
              [
                125.424866,
                -14.548731
              ],
              [
                125.435636,
                -14.55395
              ]
            ]
          ],
          [
            [
              [
                125.414346,
                -14.539891
              ],
              [
                125.404597,
                -14.541551
              ],
              [
                125.408906,
                -14.535241
              ],
              [
                125.414346,
                -14.539891
              ]
            ]
          ],
          [
            [
              [
                125.411194,
                -14.336557
              ],
              [
                125.407465,
                -14.344787
              ],
              [
                125.404024,
                -14.334387
              ],
              [
                125.411194,
                -14.336557
              ]
            ]
          ],
          [
            [
              [
                125.367019,
                -15.078622
              ],
              [
                125.347169,
                -15.083683
              ],
              [
                125.356989,
                -15.072342
              ],
              [
                125.367019,
                -15.078622
              ]
            ]
          ],
          [
            [
              [
                125.366769,
                -15.010392
              ],
              [
                125.358039,
                -15.029862
              ],
              [
                125.355519,
                -15.014512
              ],
              [
                125.366769,
                -15.010392
              ]
            ]
          ],
          [
            [
              [
                125.345986,
                -14.493265
              ],
              [
                125.340726,
                -14.504754
              ],
              [
                125.337846,
                -14.498084
              ],
              [
                125.345986,
                -14.493265
              ]
            ]
          ],
          [
            [
              [
                125.330117,
                -14.553492
              ],
              [
                125.320707,
                -14.556052
              ],
              [
                125.321547,
                -14.550522
              ],
              [
                125.330117,
                -14.553492
              ]
            ]
          ],
          [
            [
              [
                125.320404,
                -14.267368
              ],
              [
                125.315524,
                -14.272998
              ],
              [
                125.313024,
                -14.261668
              ],
              [
                125.320404,
                -14.267368
              ]
            ]
          ],
          [
            [
              [
                125.293064,
                -14.269748
              ],
              [
                125.302704,
                -14.293157
              ],
              [
                125.290444,
                -14.288927
              ],
              [
                125.293064,
                -14.269748
              ]
            ]
          ],
          [
            [
              [
                125.306299,
                -15.069983
              ],
              [
                125.301669,
                -15.072823
              ],
              [
                125.299649,
                -15.063573
              ],
              [
                125.306299,
                -15.069983
              ]
            ]
          ],
          [
            [
              [
                125.267917,
                -14.563762
              ],
              [
                125.267707,
                -14.587812
              ],
              [
                125.254407,
                -14.577592
              ],
              [
                125.267917,
                -14.563762
              ]
            ]
          ],
          [
            [
              [
                125.261716,
                -14.461106
              ],
              [
                125.248106,
                -14.472005
              ],
              [
                125.248596,
                -14.464555
              ],
              [
                125.261716,
                -14.461106
              ]
            ]
          ],
          [
            [
              [
                125.253916,
                -14.411284
              ],
              [
                125.259176,
                -14.428695
              ],
              [
                125.245306,
                -14.418925
              ],
              [
                125.253916,
                -14.411284
              ]
            ]
          ],
          [
            [
              [
                125.24335,
                -15.078283
              ],
              [
                125.24699,
                -15.095033
              ],
              [
                125.22786,
                -15.096083
              ],
              [
                125.24335,
                -15.078283
              ]
            ]
          ],
          [
            [
              [
                125.249309,
                -14.967773
              ],
              [
                125.251199,
                -14.992503
              ],
              [
                125.232469,
                -14.996953
              ],
              [
                125.249309,
                -14.967773
              ]
            ]
          ],
          [
            [
              [
                125.244016,
                -14.422425
              ],
              [
                125.237846,
                -14.429735
              ],
              [
                125.237566,
                -14.413595
              ],
              [
                125.244016,
                -14.422425
              ]
            ]
          ],
          [
            [
              [
                125.23087,
                -15.070653
              ],
              [
                125.17508,
                -15.122053
              ],
              [
                125.1445,
                -15.041743
              ],
              [
                125.1666,
                -15.020533
              ],
              [
                125.23087,
                -15.070653
              ]
            ]
          ],
          [
            [
              [
                125.229669,
                -14.908543
              ],
              [
                125.223979,
                -14.909533
              ],
              [
                125.226209,
                -14.902203
              ],
              [
                125.229669,
                -14.908543
              ]
            ]
          ],
          [
            [
              [
                125.229005,
                -14.300197
              ],
              [
                125.211565,
                -14.314797
              ],
              [
                125.220835,
                -14.286498
              ],
              [
                125.229005,
                -14.300197
              ]
            ]
          ],
          [
            [
              [
                125.165357,
                -14.439934
              ],
              [
                125.214278,
                -14.607242
              ],
              [
                125.108088,
                -14.642813
              ],
              [
                125.118047,
                -14.493923
              ],
              [
                125.165357,
                -14.439934
              ]
            ]
          ],
          [
            [
              [
                125.197829,
                -14.941163
              ],
              [
                125.200839,
                -14.966503
              ],
              [
                125.188339,
                -14.962123
              ],
              [
                125.197829,
                -14.941163
              ]
            ]
          ],
          [
            [
              [
                125.189519,
                -14.870783
              ],
              [
                125.179419,
                -14.868493
              ],
              [
                125.179029,
                -14.852003
              ],
              [
                125.189519,
                -14.870783
              ]
            ]
          ],
          [
            [
              [
                125.147098,
                -14.663083
              ],
              [
                125.135118,
                -14.670033
              ],
              [
                125.129448,
                -14.665833
              ],
              [
                125.147098,
                -14.663083
              ]
            ]
          ],
          [
            [
              [
                125.145279,
                -14.761083
              ],
              [
                125.137499,
                -14.761163
              ],
              [
                125.137649,
                -14.748823
              ],
              [
                125.145279,
                -14.761083
              ]
            ]
          ],
          [
            [
              [
                125.134169,
                -14.752003
              ],
              [
                125.126939,
                -14.760773
              ],
              [
                125.124719,
                -14.755143
              ],
              [
                125.134169,
                -14.752003
              ]
            ]
          ],
          [
            [
              [
                125.053062,
                -15.309484
              ],
              [
                125.048582,
                -15.323504
              ],
              [
                125.040172,
                -15.315404
              ],
              [
                125.053062,
                -15.309484
              ]
            ]
          ],
          [
            [
              [
                125.021452,
                -15.321454
              ],
              [
                125.018162,
                -15.371744
              ],
              [
                124.995482,
                -15.375774
              ],
              [
                125.021452,
                -15.321454
              ]
            ]
          ],
          [
            [
              [
                125.032029,
                -14.782033
              ],
              [
                125.017019,
                -14.780153
              ],
              [
                125.025799,
                -14.765293
              ],
              [
                125.032029,
                -14.782033
              ]
            ]
          ],
          [
            [
              [
                125.006561,
                -15.203224
              ],
              [
                125.011141,
                -15.213934
              ],
              [
                125.005661,
                -15.209554
              ],
              [
                125.006561,
                -15.203224
              ]
            ]
          ],
          [
            [
              [
                125.014792,
                -15.430614
              ],
              [
                125.005743,
                -15.439344
              ],
              [
                125.004213,
                -15.433814
              ],
              [
                125.014792,
                -15.430614
              ]
            ]
          ],
          [
            [
              [
                124.999898,
                -14.516733
              ],
              [
                124.979556,
                -14.524204
              ],
              [
                124.990436,
                -14.484504
              ],
              [
                124.999898,
                -14.516733
              ]
            ]
          ],
          [
            [
              [
                124.995535,
                -14.440154
              ],
              [
                124.975183,
                -14.452354
              ],
              [
                124.984242,
                -14.427335
              ],
              [
                124.995535,
                -14.440154
              ]
            ]
          ],
          [
            [
              [
                124.985909,
                -14.395155
              ],
              [
                124.983332,
                -14.424285
              ],
              [
                124.959339,
                -14.401686
              ],
              [
                124.985909,
                -14.395155
              ]
            ]
          ],
          [
            [
              [
                124.969101,
                -15.042004
              ],
              [
                124.971241,
                -15.086854
              ],
              [
                124.952331,
                -15.098544
              ],
              [
                124.969101,
                -15.042004
              ]
            ]
          ],
          [
            [
              [
                124.953592,
                -15.352075
              ],
              [
                124.980372,
                -15.352214
              ],
              [
                124.950852,
                -15.364285
              ],
              [
                124.953592,
                -15.352075
              ]
            ]
          ],
          [
            [
              [
                124.962261,
                -15.044964
              ],
              [
                124.944811,
                -15.075294
              ],
              [
                124.943581,
                -15.057114
              ],
              [
                124.962261,
                -15.044964
              ]
            ]
          ],
          [
            [
              [
                124.959291,
                -15.029154
              ],
              [
                124.915941,
                -15.029174
              ],
              [
                124.920641,
                -14.980224
              ],
              [
                124.878431,
                -15.004645
              ],
              [
                124.91722,
                -14.922394
              ],
              [
                124.959291,
                -15.029154
              ]
            ]
          ],
          [
            [
              [
                124.932023,
                -14.521355
              ],
              [
                124.924752,
                -14.515106
              ],
              [
                124.931482,
                -14.514016
              ],
              [
                124.932023,
                -14.521355
              ]
            ]
          ],
          [
            [
              [
                124.92724,
                -14.895464
              ],
              [
                124.92119,
                -14.897014
              ],
              [
                124.92333,
                -14.888554
              ],
              [
                124.92724,
                -14.895464
              ]
            ]
          ],
          [
            [
              [
                124.890821,
                -14.948914
              ],
              [
                124.889291,
                -14.955814
              ],
              [
                124.876681,
                -14.941944
              ],
              [
                124.890821,
                -14.948914
              ]
            ]
          ],
          [
            [
              [
                124.872741,
                -14.939674
              ],
              [
                124.868081,
                -14.941905
              ],
              [
                124.865241,
                -14.930375
              ],
              [
                124.872741,
                -14.939674
              ]
            ]
          ],
          [
            [
              [
                124.859861,
                -15.011125
              ],
              [
                124.854461,
                -15.031144
              ],
              [
                124.844441,
                -15.024615
              ],
              [
                124.859861,
                -15.011125
              ]
            ]
          ],
          [
            [
              [
                124.848993,
                -15.293395
              ],
              [
                124.860803,
                -15.313025
              ],
              [
                124.841723,
                -15.314545
              ],
              [
                124.848993,
                -15.293395
              ]
            ]
          ],
          [
            [
              [
                124.853083,
                -15.337335
              ],
              [
                124.848583,
                -15.349215
              ],
              [
                124.843673,
                -15.342565
              ],
              [
                124.853083,
                -15.337335
              ]
            ]
          ],
          [
            [
              [
                124.809582,
                -15.229095
              ],
              [
                124.811783,
                -15.306145
              ],
              [
                124.790783,
                -15.287335
              ],
              [
                124.809582,
                -15.229095
              ]
            ]
          ],
          [
            [
              [
                124.799962,
                -15.203805
              ],
              [
                124.801532,
                -15.222565
              ],
              [
                124.783483,
                -15.218875
              ],
              [
                124.799962,
                -15.203805
              ]
            ]
          ],
          [
            [
              [
                124.789892,
                -15.013104
              ],
              [
                124.774842,
                -15.035395
              ],
              [
                124.775712,
                -15.013475
              ],
              [
                124.789892,
                -15.013104
              ]
            ]
          ],
          [
            [
              [
                124.779958,
                -14.949326
              ],
              [
                124.773547,
                -14.952336
              ],
              [
                124.773406,
                -14.937207
              ],
              [
                124.779958,
                -14.949326
              ]
            ]
          ],
          [
            [
              [
                124.759305,
                -14.942657
              ],
              [
                124.745544,
                -14.951498
              ],
              [
                124.746664,
                -14.939308
              ],
              [
                124.759305,
                -14.942657
              ]
            ]
          ],
          [
            [
              [
                124.748464,
                -14.910178
              ],
              [
                124.738864,
                -14.941978
              ],
              [
                124.733124,
                -14.911448
              ],
              [
                124.748464,
                -14.910178
              ]
            ]
          ],
          [
            [
              [
                124.732153,
                -14.860388
              ],
              [
                124.716284,
                -14.872048
              ],
              [
                124.714853,
                -14.859608
              ],
              [
                124.732153,
                -14.860388
              ]
            ]
          ],
          [
            [
              [
                124.710845,
                -16.360269
              ],
              [
                124.691966,
                -16.377899
              ],
              [
                124.679485,
                -16.368609
              ],
              [
                124.710845,
                -16.360269
              ]
            ]
          ],
          [
            [
              [
                124.692305,
                -16.349269
              ],
              [
                124.691196,
                -16.364699
              ],
              [
                124.672976,
                -16.356169
              ],
              [
                124.692305,
                -16.349269
              ]
            ]
          ],
          [
            [
              [
                124.694165,
                -14.953678
              ],
              [
                124.685694,
                -14.950238
              ],
              [
                124.683924,
                -14.937348
              ],
              [
                124.694165,
                -14.953678
              ]
            ]
          ],
          [
            [
              [
                124.671904,
                -14.945068
              ],
              [
                124.665364,
                -14.949998
              ],
              [
                124.658704,
                -14.937878
              ],
              [
                124.671904,
                -14.945068
              ]
            ]
          ],
          [
            [
              [
                124.655675,
                -15.788517
              ],
              [
                124.648465,
                -15.799037
              ],
              [
                124.628885,
                -15.804497
              ],
              [
                124.655675,
                -15.788517
              ]
            ]
          ],
          [
            [
              [
                124.654744,
                -15.397336
              ],
              [
                124.524634,
                -15.448387
              ],
              [
                124.591044,
                -15.369026
              ],
              [
                124.461124,
                -15.355297
              ],
              [
                124.517102,
                -15.333808
              ],
              [
                124.494807,
                -15.29222
              ],
              [
                124.571307,
                -15.245379
              ],
              [
                124.558057,
                -15.25523
              ],
              [
                124.556209,
                -15.314279
              ],
              [
                124.654744,
                -15.397336
              ]
            ]
          ],
          [
            [
              [
                124.649573,
                -15.167056
              ],
              [
                124.643892,
                -15.174187
              ],
              [
                124.643403,
                -15.162326
              ],
              [
                124.649573,
                -15.167056
              ]
            ]
          ],
          [
            [
              [
                124.649556,
                -16.349799
              ],
              [
                124.564936,
                -16.34417
              ],
              [
                124.607566,
                -16.341659
              ],
              [
                124.649556,
                -16.349799
              ]
            ]
          ],
          [
            [
              [
                124.620109,
                -15.265298
              ],
              [
                124.618059,
                -15.290728
              ],
              [
                124.612108,
                -15.283619
              ],
              [
                124.620109,
                -15.265298
              ]
            ]
          ],
          [
            [
              [
                124.620814,
                -15.432536
              ],
              [
                124.605944,
                -15.452226
              ],
              [
                124.594394,
                -15.441616
              ],
              [
                124.620814,
                -15.432536
              ]
            ]
          ],
          [
            [
              [
                124.573445,
                -15.910697
              ],
              [
                124.585095,
                -15.952487
              ],
              [
                124.532026,
                -15.966558
              ],
              [
                124.573445,
                -15.910697
              ]
            ]
          ],
          [
            [
              [
                124.577047,
                -15.268419
              ],
              [
                124.570767,
                -15.269109
              ],
              [
                124.566897,
                -15.256119
              ],
              [
                124.577047,
                -15.268419
              ]
            ]
          ],
          [
            [
              [
                124.547187,
                -15.23162
              ],
              [
                124.532767,
                -15.23673
              ],
              [
                124.543927,
                -15.22711
              ],
              [
                124.547187,
                -15.23162
              ]
            ]
          ],
          [
            [
              [
                124.506657,
                -15.20534
              ],
              [
                124.509827,
                -15.22353
              ],
              [
                124.498257,
                -15.21483
              ],
              [
                124.506657,
                -15.20534
              ]
            ]
          ],
          [
            [
              [
                124.500764,
                -15.456317
              ],
              [
                124.487065,
                -15.464857
              ],
              [
                124.496084,
                -15.451147
              ],
              [
                124.500764,
                -15.456317
              ]
            ]
          ],
          [
            [
              [
                124.495897,
                -15.20772
              ],
              [
                124.493707,
                -15.21349
              ],
              [
                124.488437,
                -15.20618
              ],
              [
                124.495897,
                -15.20772
              ]
            ]
          ],
          [
            [
              [
                124.485236,
                -15.967748
              ],
              [
                124.476876,
                -15.981708
              ],
              [
                124.474296,
                -15.975138
              ],
              [
                124.485236,
                -15.967748
              ]
            ]
          ],
          [
            [
              [
                124.4812,
                -15.318149
              ],
              [
                124.470119,
                -15.313909
              ],
              [
                124.476849,
                -15.310269
              ],
              [
                124.4812,
                -15.318149
              ]
            ]
          ],
          [
            [
              [
                124.476936,
                -15.987438
              ],
              [
                124.470426,
                -15.993798
              ],
              [
                124.470956,
                -15.983858
              ],
              [
                124.476936,
                -15.987438
              ]
            ]
          ],
          [
            [
              [
                124.470356,
                -16.004588
              ],
              [
                124.457266,
                -16.029738
              ],
              [
                124.462076,
                -16.000708
              ],
              [
                124.470356,
                -16.004588
              ]
            ]
          ],
          [
            [
              [
                124.460936,
                -15.897038
              ],
              [
                124.467356,
                -15.942188
              ],
              [
                124.449006,
                -15.984638
              ],
              [
                124.460936,
                -15.897038
              ]
            ]
          ],
          [
            [
              [
                124.433257,
                -16.36809
              ],
              [
                124.454767,
                -16.37384
              ],
              [
                124.435217,
                -16.37342
              ],
              [
                124.433257,
                -16.36809
              ]
            ]
          ],
          [
            [
              [
                124.441057,
                -15.24977
              ],
              [
                124.391872,
                -15.332458
              ],
              [
                124.342849,
                -15.30983
              ],
              [
                124.441057,
                -15.24977
              ]
            ]
          ],
          [
            [
              [
                124.455956,
                -15.860358
              ],
              [
                124.447816,
                -15.844018
              ],
              [
                124.451316,
                -15.834678
              ],
              [
                124.455956,
                -15.860358
              ]
            ]
          ],
          [
            [
              [
                124.444796,
                -15.870118
              ],
              [
                124.447916,
                -15.886258
              ],
              [
                124.442506,
                -15.878938
              ],
              [
                124.444796,
                -15.870118
              ]
            ]
          ],
          [
            [
              [
                124.404655,
                -15.530977
              ],
              [
                124.400245,
                -15.534157
              ],
              [
                124.400175,
                -15.524597
              ],
              [
                124.404655,
                -15.530977
              ]
            ]
          ],
          [
            [
              [
                124.401214,
                -15.342458
              ],
              [
                124.389584,
                -15.344878
              ],
              [
                124.392113,
                -15.337978
              ],
              [
                124.401214,
                -15.342458
              ]
            ]
          ],
          [
            [
              [
                124.399517,
                -15.22758
              ],
              [
                124.392407,
                -15.250541
              ],
              [
                124.384157,
                -15.228321
              ],
              [
                124.399517,
                -15.22758
              ]
            ]
          ],
          [
            [
              [
                124.395807,
                -16.32091
              ],
              [
                124.386087,
                -16.32233
              ],
              [
                124.389507,
                -16.31647
              ],
              [
                124.395807,
                -16.32091
              ]
            ]
          ],
          [
            [
              [
                124.352854,
                -15.360738
              ],
              [
                124.366655,
                -15.398858
              ],
              [
                124.337664,
                -15.376048
              ],
              [
                124.352854,
                -15.360738
              ]
            ]
          ],
          [
            [
              [
                124.367487,
                -16.365071
              ],
              [
                124.358647,
                -16.375991
              ],
              [
                124.361517,
                -16.364251
              ],
              [
                124.367487,
                -16.365071
              ]
            ]
          ],
          [
            [
              [
                124.358567,
                -16.346941
              ],
              [
                124.353247,
                -16.358101
              ],
              [
                124.347557,
                -16.349601
              ],
              [
                124.358567,
                -16.346941
              ]
            ]
          ],
          [
            [
              [
                124.351247,
                -16.359221
              ],
              [
                124.341057,
                -16.359851
              ],
              [
                124.342037,
                -16.352961
              ],
              [
                124.351247,
                -16.359221
              ]
            ]
          ],
          [
            [
              [
                124.34042,
                -15.3139
              ],
              [
                124.318151,
                -15.35686
              ],
              [
                124.303549,
                -15.351781
              ],
              [
                124.34042,
                -15.3139
              ]
            ]
          ],
          [
            [
              [
                124.266018,
                -15.282451
              ],
              [
                124.256868,
                -15.301672
              ],
              [
                124.231809,
                -15.318722
              ],
              [
                124.266018,
                -15.282451
              ]
            ]
          ],
          [
            [
              [
                124.245138,
                -16.389071
              ],
              [
                124.237928,
                -16.400781
              ],
              [
                124.221628,
                -16.347571
              ],
              [
                124.245138,
                -16.389071
              ]
            ]
          ],
          [
            [
              [
                124.233136,
                -15.952689
              ],
              [
                124.201066,
                -15.965
              ],
              [
                124.190016,
                -15.91669
              ],
              [
                124.211296,
                -15.95435
              ],
              [
                124.233136,
                -15.952689
              ]
            ]
          ],
          [
            [
              [
                124.226726,
                -15.927069
              ],
              [
                124.219276,
                -15.943049
              ],
              [
                124.212446,
                -15.918649
              ],
              [
                124.226726,
                -15.927069
              ]
            ]
          ],
          [
            [
              [
                124.227139,
                -15.314222
              ],
              [
                124.224849,
                -15.325302
              ],
              [
                124.213549,
                -15.318032
              ],
              [
                124.227139,
                -15.314222
              ]
            ]
          ],
          [
            [
              [
                124.220096,
                -15.946089
              ],
              [
                124.212096,
                -15.9496
              ],
              [
                124.211806,
                -15.935249
              ],
              [
                124.220096,
                -15.946089
              ]
            ]
          ],
          [
            [
              [
                124.208339,
                -15.330552
              ],
              [
                124.206859,
                -15.337762
              ],
              [
                124.188569,
                -15.337282
              ],
              [
                124.208339,
                -15.330552
              ]
            ]
          ],
          [
            [
              [
                124.187286,
                -15.95343
              ],
              [
                124.174836,
                -15.94838
              ],
              [
                124.176896,
                -15.93798
              ],
              [
                124.187286,
                -15.95343
              ]
            ]
          ],
          [
            [
              [
                124.130631,
                -33.841948
              ],
              [
                124.140392,
                -33.862008
              ],
              [
                124.130122,
                -33.862808
              ],
              [
                124.130631,
                -33.841948
              ]
            ]
          ],
          [
            [
              [
                124.113078,
                -16.229162
              ],
              [
                124.109728,
                -16.258302
              ],
              [
                124.097608,
                -16.251112
              ],
              [
                124.113078,
                -16.229162
              ]
            ]
          ],
          [
            [
              [
                124.103397,
                -16.120371
              ],
              [
                124.098437,
                -16.126902
              ],
              [
                124.097567,
                -16.117621
              ],
              [
                124.103397,
                -16.120371
              ]
            ]
          ],
          [
            [
              [
                124.069147,
                -16.081432
              ],
              [
                124.094427,
                -16.114892
              ],
              [
                124.058717,
                -16.105732
              ],
              [
                124.069147,
                -16.081432
              ]
            ]
          ],
          [
            [
              [
                124.079237,
                -16.131632
              ],
              [
                124.066688,
                -16.153372
              ],
              [
                124.069247,
                -16.138352
              ],
              [
                124.079237,
                -16.131632
              ]
            ]
          ],
          [
            [
              [
                124.094238,
                -16.230632
              ],
              [
                124.085888,
                -16.237922
              ],
              [
                124.074708,
                -16.230392
              ],
              [
                124.094238,
                -16.230632
              ]
            ]
          ],
          [
            [
              [
                124.080318,
                -16.161482
              ],
              [
                124.077888,
                -16.174802
              ],
              [
                124.068238,
                -16.166382
              ],
              [
                124.080318,
                -16.161482
              ]
            ]
          ],
          [
            [
              [
                124.080308,
                -16.248622
              ],
              [
                124.074418,
                -16.255032
              ],
              [
                124.060478,
                -16.240252
              ],
              [
                124.080308,
                -16.248622
              ]
            ]
          ],
          [
            [
              [
                123.876859,
                -16.232433
              ],
              [
                123.90578,
                -16.276383
              ],
              [
                123.86151,
                -16.236163
              ],
              [
                123.876859,
                -16.232433
              ]
            ]
          ],
          [
            [
              [
                123.892899,
                -16.186323
              ],
              [
                123.890639,
                -16.190943
              ],
              [
                123.883089,
                -16.183423
              ],
              [
                123.892899,
                -16.186323
              ]
            ]
          ],
          [
            [
              [
                123.891156,
                -34.102025
              ],
              [
                123.885492,
                -34.108128
              ],
              [
                123.885055,
                -34.101146
              ],
              [
                123.891156,
                -34.102025
              ]
            ]
          ],
          [
            [
              [
                123.890659,
                -16.202923
              ],
              [
                123.872759,
                -16.218163
              ],
              [
                123.877589,
                -16.199543
              ],
              [
                123.867479,
                -16.191333
              ],
              [
                123.890659,
                -16.202923
              ]
            ]
          ],
          [
            [
              [
                123.88644,
                -16.280093
              ],
              [
                123.87911,
                -16.289763
              ],
              [
                123.8574,
                -16.253203
              ],
              [
                123.88644,
                -16.280093
              ]
            ]
          ],
          [
            [
              [
                123.88518,
                -16.319723
              ],
              [
                123.86483,
                -16.289883
              ],
              [
                123.87662,
                -16.293813
              ],
              [
                123.88518,
                -16.319723
              ]
            ]
          ],
          [
            [
              [
                123.883869,
                -16.173713
              ],
              [
                123.881699,
                -16.182053
              ],
              [
                123.876259,
                -16.174673
              ],
              [
                123.883869,
                -16.173713
              ]
            ]
          ],
          [
            [
              [
                123.874299,
                -16.201783
              ],
              [
                123.862589,
                -16.202493
              ],
              [
                123.865439,
                -16.197193
              ],
              [
                123.874299,
                -16.201783
              ]
            ]
          ],
          [
            [
              [
                123.85708,
                -16.278523
              ],
              [
                123.84969,
                -16.280953
              ],
              [
                123.84766,
                -16.271673
              ],
              [
                123.85708,
                -16.278523
              ]
            ]
          ],
          [
            [
              [
                123.84502,
                -16.235593
              ],
              [
                123.84345,
                -16.241913
              ],
              [
                123.83762,
                -16.224343
              ],
              [
                123.84502,
                -16.235593
              ]
            ]
          ],
          [
            [
              [
                123.842349,
                -16.189003
              ],
              [
                123.838279,
                -16.214513
              ],
              [
                123.830889,
                -16.203043
              ],
              [
                123.842349,
                -16.189003
              ]
            ]
          ],
          [
            [
              [
                123.83107,
                -16.223673
              ],
              [
                123.81795,
                -16.269303
              ],
              [
                123.80411,
                -16.245233
              ],
              [
                123.83107,
                -16.223673
              ]
            ]
          ],
          [
            [
              [
                123.81997,
                -16.208163
              ],
              [
                123.81871,
                -16.218663
              ],
              [
                123.81158,
                -16.204033
              ],
              [
                123.81997,
                -16.208163
              ]
            ]
          ],
          [
            [
              [
                123.813379,
                -16.199013
              ],
              [
                123.796979,
                -16.187073
              ],
              [
                123.807839,
                -16.188513
              ],
              [
                123.813379,
                -16.199013
              ]
            ]
          ],
          [
            [
              [
                123.784209,
                -16.180413
              ],
              [
                123.79137,
                -16.200253
              ],
              [
                123.771889,
                -16.165513
              ],
              [
                123.777249,
                -16.163553
              ],
              [
                123.784209,
                -16.180413
              ]
            ]
          ],
          [
            [
              [
                123.788699,
                -16.113653
              ],
              [
                123.766099,
                -16.158573
              ],
              [
                123.682889,
                -16.112013
              ],
              [
                123.788699,
                -16.113653
              ]
            ]
          ],
          [
            [
              [
                123.754498,
                -16.263279
              ],
              [
                123.765171,
                -16.269683
              ],
              [
                123.742781,
                -16.261033
              ],
              [
                123.754498,
                -16.263279
              ]
            ]
          ],
          [
            [
              [
                123.691497,
                -15.926243
              ],
              [
                123.701587,
                -15.959333
              ],
              [
                123.689218,
                -15.967143
              ],
              [
                123.691497,
                -15.926243
              ]
            ]
          ],
          [
            [
              [
                123.698311,
                -16.355403
              ],
              [
                123.688241,
                -16.356223
              ],
              [
                123.678741,
                -16.344953
              ],
              [
                123.698311,
                -16.355403
              ]
            ]
          ],
          [
            [
              [
                123.677482,
                -17.021669
              ],
              [
                123.676103,
                -17.043359
              ],
              [
                123.664652,
                -17.028399
              ],
              [
                123.677482,
                -17.021669
              ]
            ]
          ],
          [
            [
              [
                123.672201,
                -16.356203
              ],
              [
                123.653421,
                -16.348023
              ],
              [
                123.668871,
                -16.348833
              ],
              [
                123.672201,
                -16.356203
              ]
            ]
          ],
          [
            [
              [
                123.665822,
                -16.416291
              ],
              [
                123.648352,
                -16.417952
              ],
              [
                123.622162,
                -16.400552
              ],
              [
                123.665822,
                -16.416291
              ]
            ]
          ],
          [
            [
              [
                123.658141,
                -16.344673
              ],
              [
                123.630121,
                -16.335963
              ],
              [
                123.648151,
                -16.335663
              ],
              [
                123.658141,
                -16.344673
              ]
            ]
          ],
          [
            [
              [
                123.639979,
                -16.099334
              ],
              [
                123.625179,
                -16.106674
              ],
              [
                123.585069,
                -16.081454
              ],
              [
                123.639979,
                -16.099334
              ]
            ]
          ],
          [
            [
              [
                123.627811,
                -16.345093
              ],
              [
                123.606411,
                -16.342883
              ],
              [
                123.600111,
                -16.327793
              ],
              [
                123.627811,
                -16.345093
              ]
            ]
          ],
          [
            [
              [
                123.627372,
                -16.420602
              ],
              [
                123.620393,
                -16.428342
              ],
              [
                123.606902,
                -16.417832
              ],
              [
                123.627372,
                -16.420602
              ]
            ]
          ],
          [
            [
              [
                123.59033,
                -16.144694
              ],
              [
                123.58223,
                -16.160784
              ],
              [
                123.57604,
                -16.146844
              ],
              [
                123.59033,
                -16.144694
              ]
            ]
          ],
          [
            [
              [
                123.58008,
                -16.241364
              ],
              [
                123.564521,
                -16.241345
              ],
              [
                123.547171,
                -16.219825
              ],
              [
                123.58008,
                -16.241364
              ]
            ]
          ],
          [
            [
              [
                123.576361,
                -16.263834
              ],
              [
                123.566721,
                -16.268834
              ],
              [
                123.572311,
                -16.258484
              ],
              [
                123.576361,
                -16.263834
              ]
            ]
          ],
          [
            [
              [
                123.564581,
                -16.259884
              ],
              [
                123.565961,
                -16.261934
              ],
              [
                123.546281,
                -16.251925
              ],
              [
                123.564581,
                -16.259884
              ]
            ]
          ],
          [
            [
              [
                123.522529,
                -16.069034
              ],
              [
                123.550269,
                -16.077084
              ],
              [
                123.5571,
                -16.096584
              ],
              [
                123.54795,
                -16.099894
              ],
              [
                123.522529,
                -16.069034
              ]
            ]
          ],
          [
            [
              [
                123.533847,
                -34.368826
              ],
              [
                123.559537,
                -34.360006
              ],
              [
                123.533998,
                -34.378066
              ],
              [
                123.533847,
                -34.368826
              ]
            ]
          ],
          [
            [
              [
                123.559471,
                -16.605066
              ],
              [
                123.550661,
                -16.607476
              ],
              [
                123.552861,
                -16.597216
              ],
              [
                123.559471,
                -16.605066
              ]
            ]
          ],
          [
            [
              [
                123.551857,
                -17.241422
              ],
              [
                123.545267,
                -17.290322
              ],
              [
                123.543667,
                -17.232562
              ],
              [
                123.551857,
                -17.241422
              ]
            ]
          ],
          [
            [
              [
                123.522089,
                -16.017254
              ],
              [
                123.530189,
                -16.050444
              ],
              [
                123.508429,
                -16.024304
              ],
              [
                123.522089,
                -16.017254
              ]
            ]
          ],
          [
            [
              [
                123.551777,
                -17.305272
              ],
              [
                123.545948,
                -17.318472
              ],
              [
                123.542967,
                -17.303652
              ],
              [
                123.551777,
                -17.305272
              ]
            ]
          ],
          [
            [
              [
                123.539231,
                -16.255145
              ],
              [
                123.525681,
                -16.277285
              ],
              [
                123.503391,
                -16.258435
              ],
              [
                123.524391,
                -16.265185
              ],
              [
                123.539231,
                -16.255145
              ]
            ]
          ],
          [
            [
              [
                123.546407,
                -17.297342
              ],
              [
                123.540857,
                -17.301152
              ],
              [
                123.537257,
                -17.291982
              ],
              [
                123.546407,
                -17.297342
              ]
            ]
          ],
          [
            [
              [
                123.54628,
                -16.202865
              ],
              [
                123.54527,
                -16.210425
              ],
              [
                123.53928,
                -16.187655
              ],
              [
                123.54628,
                -16.202865
              ]
            ]
          ],
          [
            [
              [
                123.527242,
                -16.579575
              ],
              [
                123.522781,
                -16.604856
              ],
              [
                123.517852,
                -16.580845
              ],
              [
                123.527242,
                -16.579575
              ]
            ]
          ],
          [
            [
              [
                123.536827,
                -34.009693
              ],
              [
                123.527637,
                -34.023343
              ],
              [
                123.523697,
                -34.006883
              ],
              [
                123.536827,
                -34.009693
              ]
            ]
          ],
          [
            [
              [
                123.535228,
                -17.321252
              ],
              [
                123.531288,
                -17.332192
              ],
              [
                123.528237,
                -17.307092
              ],
              [
                123.535228,
                -17.321252
              ]
            ]
          ],
          [
            [
              [
                123.53494,
                -16.152795
              ],
              [
                123.53466,
                -16.157885
              ],
              [
                123.52601,
                -16.144695
              ],
              [
                123.53494,
                -16.152795
              ]
            ]
          ],
          [
            [
              [
                123.447621,
                -16.218245
              ],
              [
                123.497041,
                -16.249675
              ],
              [
                123.489791,
                -16.284765
              ],
              [
                123.447621,
                -16.218245
              ]
            ]
          ],
          [
            [
              [
                123.508221,
                -16.631406
              ],
              [
                123.509541,
                -16.640466
              ],
              [
                123.456542,
                -16.617146
              ],
              [
                123.508221,
                -16.631406
              ]
            ]
          ],
          [
            [
              [
                123.526168,
                -17.344372
              ],
              [
                123.523859,
                -17.358492
              ],
              [
                123.515738,
                -17.335962
              ],
              [
                123.526168,
                -17.344372
              ]
            ]
          ],
          [
            [
              [
                123.511501,
                -16.145465
              ],
              [
                123.523141,
                -16.162975
              ],
              [
                123.505261,
                -16.161915
              ],
              [
                123.511501,
                -16.145465
              ]
            ]
          ],
          [
            [
              [
                123.521711,
                -16.275895
              ],
              [
                123.515061,
                -16.298675
              ],
              [
                123.512521,
                -16.282485
              ],
              [
                123.521711,
                -16.275895
              ]
            ]
          ],
          [
            [
              [
                123.493402,
                -16.600296
              ],
              [
                123.478422,
                -16.609996
              ],
              [
                123.483812,
                -16.598066
              ],
              [
                123.493402,
                -16.600296
              ]
            ]
          ],
          [
            [
              [
                123.460991,
                -16.167835
              ],
              [
                123.428301,
                -16.162225
              ],
              [
                123.454281,
                -16.154745
              ],
              [
                123.460991,
                -16.167835
              ]
            ]
          ],
          [
            [
              [
                123.438761,
                -16.262366
              ],
              [
                123.438251,
                -16.278296
              ],
              [
                123.434571,
                -16.271026
              ],
              [
                123.438761,
                -16.262366
              ]
            ]
          ],
          [
            [
              [
                123.457898,
                -17.335873
              ],
              [
                123.447099,
                -17.338233
              ],
              [
                123.443528,
                -17.324653
              ],
              [
                123.457898,
                -17.335873
              ]
            ]
          ],
          [
            [
              [
                123.455532,
                -16.530435
              ],
              [
                123.429332,
                -16.524876
              ],
              [
                123.441432,
                -16.521825
              ],
              [
                123.455532,
                -16.530435
              ]
            ]
          ],
          [
            [
              [
                123.42449,
                -16.087795
              ],
              [
                123.43427,
                -16.091845
              ],
              [
                123.44212,
                -16.113625
              ],
              [
                123.42449,
                -16.087795
              ]
            ]
          ],
          [
            [
              [
                123.435441,
                -16.277706
              ],
              [
                123.422101,
                -16.278036
              ],
              [
                123.432481,
                -16.269996
              ],
              [
                123.435441,
                -16.277706
              ]
            ]
          ],
          [
            [
              [
                123.430001,
                -16.283646
              ],
              [
                123.421051,
                -16.289446
              ],
              [
                123.416521,
                -16.274476
              ],
              [
                123.430001,
                -16.283646
              ]
            ]
          ],
          [
            [
              [
                123.423888,
                -17.322183
              ],
              [
                123.403658,
                -17.319363
              ],
              [
                123.399528,
                -17.300693
              ],
              [
                123.423888,
                -17.322183
              ]
            ]
          ],
          [
            [
              [
                123.40135,
                -16.108835
              ],
              [
                123.38934,
                -16.129065
              ],
              [
                123.39351,
                -16.109665
              ],
              [
                123.40135,
                -16.108835
              ]
            ]
          ],
          [
            [
              [
                123.422142,
                -16.343036
              ],
              [
                123.414762,
                -16.343536
              ],
              [
                123.418862,
                -16.332376
              ],
              [
                123.422142,
                -16.343036
              ]
            ]
          ],
          [
            [
              [
                123.41937,
                -16.084585
              ],
              [
                123.40497,
                -16.086375
              ],
              [
                123.38924,
                -16.069825
              ],
              [
                123.41937,
                -16.084585
              ]
            ]
          ],
          [
            [
              [
                123.403002,
                -16.372136
              ],
              [
                123.399642,
                -16.380576
              ],
              [
                123.383322,
                -16.373186
              ],
              [
                123.403002,
                -16.372136
              ]
            ]
          ],
          [
            [
              [
                123.398282,
                -16.513056
              ],
              [
                123.387832,
                -16.527196
              ],
              [
                123.380082,
                -16.517176
              ],
              [
                123.398282,
                -16.513056
              ]
            ]
          ],
          [
            [
              [
                123.364682,
                -16.556026
              ],
              [
                123.362992,
                -16.583596
              ],
              [
                123.352412,
                -16.530136
              ],
              [
                123.364682,
                -16.556026
              ]
            ]
          ],
          [
            [
              [
                123.37639,
                -16.058285
              ],
              [
                123.35817,
                -16.056755
              ],
              [
                123.36162,
                -16.050045
              ],
              [
                123.37639,
                -16.058285
              ]
            ]
          ],
          [
            [
              [
                123.346332,
                -16.417256
              ],
              [
                123.359682,
                -16.439096
              ],
              [
                123.344842,
                -16.447086
              ],
              [
                123.346332,
                -16.417256
              ]
            ]
          ],
          [
            [
              [
                123.349362,
                -16.339737
              ],
              [
                123.335932,
                -16.358717
              ],
              [
                123.334682,
                -16.332817
              ],
              [
                123.349362,
                -16.339737
              ]
            ]
          ],
          [
            [
              [
                123.344341,
                -16.149206
              ],
              [
                123.335841,
                -16.166986
              ],
              [
                123.322151,
                -16.145366
              ],
              [
                123.344341,
                -16.149206
              ]
            ]
          ],
          [
            [
              [
                123.327591,
                -16.139886
              ],
              [
                123.309431,
                -16.142756
              ],
              [
                123.307981,
                -16.136636
              ],
              [
                123.327591,
                -16.139886
              ]
            ]
          ],
          [
            [
              [
                123.318522,
                -16.322257
              ],
              [
                123.309302,
                -16.320357
              ],
              [
                123.308972,
                -16.307007
              ],
              [
                123.318522,
                -16.322257
              ]
            ]
          ],
          [
            [
              [
                123.316771,
                -16.134916
              ],
              [
                123.301891,
                -16.137596
              ],
              [
                123.289971,
                -16.125946
              ],
              [
                123.316771,
                -16.134916
              ]
            ]
          ],
          [
            [
              [
                123.31376,
                -16.033365
              ],
              [
                123.29492,
                -16.045956
              ],
              [
                123.27753,
                -16.043406
              ],
              [
                123.31376,
                -16.033365
              ]
            ]
          ],
          [
            [
              [
                123.305812,
                -16.306977
              ],
              [
                123.302082,
                -16.316207
              ],
              [
                123.299972,
                -16.306237
              ],
              [
                123.305812,
                -16.306977
              ]
            ]
          ],
          [
            [
              [
                123.297452,
                -16.300787
              ],
              [
                123.295872,
                -16.306087
              ],
              [
                123.290882,
                -16.301627
              ],
              [
                123.297452,
                -16.300787
              ]
            ]
          ],
          [
            [
              [
                123.213083,
                -16.393198
              ],
              [
                123.213343,
                -16.422588
              ],
              [
                123.199383,
                -16.424708
              ],
              [
                123.213083,
                -16.393198
              ]
            ]
          ],
          [
            [
              [
                123.170288,
                -34.090396
              ],
              [
                123.207209,
                -34.119455
              ],
              [
                123.157479,
                -34.110326
              ],
              [
                123.170288,
                -34.090396
              ]
            ]
          ],
          [
            [
              [
                123.211453,
                -16.392728
              ],
              [
                123.192493,
                -16.432768
              ],
              [
                123.166583,
                -16.425149
              ],
              [
                123.178863,
                -16.406059
              ],
              [
                123.168163,
                -16.389109
              ],
              [
                123.211453,
                -16.392728
              ]
            ]
          ],
          [
            [
              [
                123.188488,
                -34.078365
              ],
              [
                123.183178,
                -34.087155
              ],
              [
                123.178728,
                -34.079815
              ],
              [
                123.188488,
                -34.078365
              ]
            ]
          ],
          [
            [
              [
                123.167983,
                -16.405039
              ],
              [
                123.152423,
                -16.423529
              ],
              [
                123.159363,
                -16.400659
              ],
              [
                123.167983,
                -16.405039
              ]
            ]
          ],
          [
            [
              [
                123.166635,
                -15.528529
              ],
              [
                123.152765,
                -15.532459
              ],
              [
                123.153605,
                -15.511449
              ],
              [
                123.166635,
                -15.528529
              ]
            ]
          ],
          [
            [
              [
                123.158473,
                -16.397139
              ],
              [
                123.143453,
                -16.389409
              ],
              [
                123.152723,
                -16.387129
              ],
              [
                123.158473,
                -16.397139
              ]
            ]
          ],
          [
            [
              [
                123.118043,
                -16.409369
              ],
              [
                123.124963,
                -16.408539
              ],
              [
                123.124903,
                -16.423799
              ],
              [
                123.118043,
                -16.409369
              ]
            ]
          ],
          [
            [
              [
                123.107323,
                -16.424289
              ],
              [
                123.104123,
                -16.437479
              ],
              [
                123.090913,
                -16.425919
              ],
              [
                123.107323,
                -16.424289
              ]
            ]
          ],
          [
            [
              [
                122.862299,
                -33.982616
              ],
              [
                122.813979,
                -34.003036
              ],
              [
                122.843339,
                -33.983116
              ],
              [
                122.862299,
                -33.982616
              ]
            ]
          ],
          [
            [
              [
                122.807739,
                -34.000696
              ],
              [
                122.799569,
                -34.014226
              ],
              [
                122.798419,
                -34.004466
              ],
              [
                122.807739,
                -34.000696
              ]
            ]
          ],
          [
            [
              [
                122.65492,
                -33.996987
              ],
              [
                122.65194,
                -34.002627
              ],
              [
                122.64734,
                -33.998237
              ],
              [
                122.65492,
                -33.996987
              ]
            ]
          ],
          [
            [
              [
                122.231354,
                -34.10862
              ],
              [
                122.246334,
                -34.161311
              ],
              [
                122.235684,
                -34.158881
              ],
              [
                122.231354,
                -34.10862
              ]
            ]
          ],
          [
            [
              [
                122.151673,
                -34.033439
              ],
              [
                122.128523,
                -34.029409
              ],
              [
                122.147073,
                -34.027169
              ],
              [
                122.151673,
                -34.033439
              ]
            ]
          ],
          [
            [
              [
                122.126503,
                -16.85257
              ],
              [
                122.112663,
                -16.85845
              ],
              [
                122.092593,
                -16.854631
              ],
              [
                122.126503,
                -16.85257
              ]
            ]
          ],
          [
            [
              [
                122.109584,
                -34.06435
              ],
              [
                122.097724,
                -34.06462
              ],
              [
                122.103624,
                -34.05904
              ],
              [
                122.109584,
                -34.06435
              ]
            ]
          ],
          [
            [
              [
                122.059017,
                -34.145891
              ],
              [
                122.038627,
                -34.141572
              ],
              [
                122.050357,
                -34.137912
              ],
              [
                122.059017,
                -34.145891
              ]
            ]
          ],
          [
            [
              [
                122.026873,
                -33.96346
              ],
              [
                122.004353,
                -33.97092
              ],
              [
                122.002263,
                -33.95806
              ],
              [
                122.026873,
                -33.96346
              ]
            ]
          ],
          [
            [
              [
                122.011284,
                -34.024181
              ],
              [
                121.993355,
                -34.042161
              ],
              [
                121.982475,
                -34.036721
              ],
              [
                122.011284,
                -34.024181
              ]
            ]
          ],
          [
            [
              [
                122.004794,
                -33.98727
              ],
              [
                121.987044,
                -33.988881
              ],
              [
                121.995353,
                -33.98046
              ],
              [
                122.004794,
                -33.98727
              ]
            ]
          ],
          [
            [
              [
                121.992693,
                -33.97312
              ],
              [
                121.981824,
                -33.979161
              ],
              [
                121.976315,
                -33.972832
              ],
              [
                121.992693,
                -33.97312
              ]
            ]
          ],
          [
            [
              [
                121.984127,
                -34.117533
              ],
              [
                121.973548,
                -34.120163
              ],
              [
                121.975807,
                -34.113843
              ],
              [
                121.984127,
                -34.117533
              ]
            ]
          ],
          [
            [
              [
                121.979725,
                -34.049472
              ],
              [
                121.953565,
                -34.055912
              ],
              [
                121.957795,
                -34.045022
              ],
              [
                121.979725,
                -34.049472
              ]
            ]
          ],
          [
            [
              [
                121.910222,
                -33.917719
              ],
              [
                121.903813,
                -33.924559
              ],
              [
                121.896672,
                -33.920019
              ],
              [
                121.910222,
                -33.917719
              ]
            ]
          ],
          [
            [
              [
                121.883822,
                -33.920179
              ],
              [
                121.874292,
                -33.926889
              ],
              [
                121.868372,
                -33.922459
              ],
              [
                121.883822,
                -33.920179
              ]
            ]
          ],
          [
            [
              [
                121.803543,
                -33.924811
              ],
              [
                121.795934,
                -33.928591
              ],
              [
                121.788424,
                -33.920549
              ],
              [
                121.803543,
                -33.924811
              ]
            ]
          ],
          [
            [
              [
                121.679996,
                -33.994373
              ],
              [
                121.669176,
                -34.002433
              ],
              [
                121.669706,
                -33.994753
              ],
              [
                121.679996,
                -33.994373
              ]
            ]
          ],
          [
            [
              [
                121.607917,
                -34.013664
              ],
              [
                121.605967,
                -34.039344
              ],
              [
                121.593107,
                -34.028943
              ],
              [
                121.607917,
                -34.013664
              ]
            ]
          ],
          [
            [
              [
                119.613867,
                -34.375885
              ],
              [
                119.605835,
                -34.378036
              ],
              [
                119.598657,
                -34.368456
              ],
              [
                119.613867,
                -34.375885
              ]
            ]
          ],
          [
            [
              [
                118.511755,
                -20.309091
              ],
              [
                118.510665,
                -20.323751
              ],
              [
                118.499545,
                -20.318621
              ],
              [
                118.511755,
                -20.309091
              ]
            ]
          ],
          [
            [
              [
                118.456806,
                -34.904944
              ],
              [
                118.466729,
                -34.935495
              ],
              [
                118.43686,
                -34.910698
              ],
              [
                118.456806,
                -34.904944
              ]
            ]
          ],
          [
            [
              [
                118.069948,
                -35.064917
              ],
              [
                118.044119,
                -35.066411
              ],
              [
                118.039712,
                -35.059841
              ],
              [
                118.069948,
                -35.064917
              ]
            ]
          ],
          [
            [
              [
                117.874168,
                -20.516177
              ],
              [
                117.862358,
                -20.532148
              ],
              [
                117.845238,
                -20.539198
              ],
              [
                117.874168,
                -20.516177
              ]
            ]
          ],
          [
            [
              [
                117.717111,
                -20.60756
              ],
              [
                117.734171,
                -20.65371
              ],
              [
                117.711371,
                -20.64298
              ],
              [
                117.717111,
                -20.60756
              ]
            ]
          ],
          [
            [
              [
                117.072522,
                -20.616283
              ],
              [
                117.058322,
                -20.638793
              ],
              [
                117.037842,
                -20.635984
              ],
              [
                117.072522,
                -20.616283
              ]
            ]
          ],
          [
            [
              [
                117.081849,
                -20.431522
              ],
              [
                117.075959,
                -20.465602
              ],
              [
                117.068689,
                -20.430922
              ],
              [
                117.081849,
                -20.431522
              ]
            ]
          ],
          [
            [
              [
                116.966129,
                -20.425953
              ],
              [
                116.973819,
                -20.445323
              ],
              [
                116.960049,
                -20.430173
              ],
              [
                116.966129,
                -20.425953
              ]
            ]
          ],
          [
            [
              [
                116.952899,
                -20.420053
              ],
              [
                116.849338,
                -20.378805
              ],
              [
                116.831809,
                -20.354075
              ],
              [
                116.838499,
                -20.352006
              ],
              [
                116.952899,
                -20.420053
              ]
            ]
          ],
          [
            [
              [
                116.885701,
                -20.423638
              ],
              [
                116.86612,
                -20.518596
              ],
              [
                116.816122,
                -20.517866
              ],
              [
                116.885701,
                -20.423638
              ]
            ]
          ],
          [
            [
              [
                116.844128,
                -20.457306
              ],
              [
                116.837418,
                -20.458476
              ],
              [
                116.843008,
                -20.452006
              ],
              [
                116.844128,
                -20.457306
              ]
            ]
          ],
          [
            [
              [
                116.799148,
                -20.451467
              ],
              [
                116.825078,
                -20.458326
              ],
              [
                116.798329,
                -20.472587
              ],
              [
                116.799148,
                -20.451467
              ]
            ]
          ],
          [
            [
              [
                116.818088,
                -20.416816
              ],
              [
                116.834138,
                -20.415925
              ],
              [
                116.812378,
                -20.440776
              ],
              [
                116.818088,
                -20.416816
              ]
            ]
          ],
          [
            [
              [
                116.802588,
                -20.474646
              ],
              [
                116.799342,
                -20.518307
              ],
              [
                116.786862,
                -20.515777
              ],
              [
                116.802588,
                -20.474646
              ]
            ]
          ],
          [
            [
              [
                116.674544,
                -20.651818
              ],
              [
                116.683404,
                -20.662178
              ],
              [
                116.675484,
                -20.661878
              ],
              [
                116.674544,
                -20.651818
              ]
            ]
          ],
          [
            [
              [
                116.678052,
                -20.503697
              ],
              [
                116.690013,
                -20.518997
              ],
              [
                116.677213,
                -20.523237
              ],
              [
                116.678052,
                -20.503697
              ]
            ]
          ],
          [
            [
              [
                116.649333,
                -20.599118
              ],
              [
                116.667374,
                -20.628388
              ],
              [
                116.635363,
                -20.632378
              ],
              [
                116.649333,
                -20.599118
              ]
            ]
          ],
          [
            [
              [
                116.676393,
                -20.548978
              ],
              [
                116.635343,
                -20.607768
              ],
              [
                116.600103,
                -20.612219
              ],
              [
                116.624243,
                -20.572368
              ],
              [
                116.676393,
                -20.548978
              ]
            ]
          ],
          [
            [
              [
                116.671183,
                -20.518177
              ],
              [
                116.661653,
                -20.526998
              ],
              [
                116.656143,
                -20.517418
              ],
              [
                116.671183,
                -20.518177
              ]
            ]
          ],
          [
            [
              [
                116.662114,
                -20.675499
              ],
              [
                116.656864,
                -20.680709
              ],
              [
                116.650934,
                -20.672049
              ],
              [
                116.662114,
                -20.675499
              ]
            ]
          ],
          [
            [
              [
                116.650012,
                -20.548878
              ],
              [
                116.645513,
                -20.558268
              ],
              [
                116.635382,
                -20.555068
              ],
              [
                116.650012,
                -20.548878
              ]
            ]
          ],
          [
            [
              [
                116.635012,
                -20.458967
              ],
              [
                116.627712,
                -20.460247
              ],
              [
                116.626842,
                -20.453697
              ],
              [
                116.635012,
                -20.458967
              ]
            ]
          ],
          [
            [
              [
                116.609222,
                -20.453887
              ],
              [
                116.588972,
                -20.500838
              ],
              [
                116.566062,
                -20.485748
              ],
              [
                116.609222,
                -20.453887
              ]
            ]
          ],
          [
            [
              [
                116.586122,
                -20.575539
              ],
              [
                116.552761,
                -20.62089
              ],
              [
                116.463222,
                -20.609611
              ],
              [
                116.485902,
                -20.58514
              ],
              [
                116.586122,
                -20.575539
              ]
            ]
          ],
          [
            [
              [
                116.505132,
                -35.027943
              ],
              [
                116.49889,
                -35.036317
              ],
              [
                116.49081,
                -35.03327
              ],
              [
                116.505132,
                -35.027943
              ]
            ]
          ],
          [
            [
              [
                116.451572,
                -20.664521
              ],
              [
                116.434102,
                -20.655321
              ],
              [
                116.448522,
                -20.651661
              ],
              [
                116.451572,
                -20.664521
              ]
            ]
          ],
          [
            [
              [
                116.248732,
                -20.813223
              ],
              [
                116.247312,
                -20.818873
              ],
              [
                116.242102,
                -20.803763
              ],
              [
                116.248732,
                -20.813223
              ]
            ]
          ],
          [
            [
              [
                116.179151,
                -20.945226
              ],
              [
                116.175971,
                -20.956346
              ],
              [
                116.174191,
                -20.934856
              ],
              [
                116.179151,
                -20.945226
              ]
            ]
          ],
          [
            [
              [
                116.157821,
                -20.937576
              ],
              [
                116.152371,
                -20.948326
              ],
              [
                116.147511,
                -20.934226
              ],
              [
                116.157821,
                -20.937576
              ]
            ]
          ],
          [
            [
              [
                115.900861,
                -20.937628
              ],
              [
                115.88163,
                -20.949709
              ],
              [
                115.88511,
                -20.938648
              ],
              [
                115.900861,
                -20.937628
              ]
            ]
          ],
          [
            [
              [
                115.674637,
                -32.165189
              ],
              [
                115.680808,
                -32.244161
              ],
              [
                115.660534,
                -32.156225
              ],
              [
                115.674637,
                -32.165189
              ]
            ]
          ],
          [
            [
              [
                115.694669,
                -32.305286
              ],
              [
                115.689953,
                -32.309051
              ],
              [
                115.689832,
                -32.301809
              ],
              [
                115.694669,
                -32.305286
              ]
            ]
          ],
          [
            [
              [
                115.559922,
                -20.378006
              ],
              [
                115.577234,
                -20.419685
              ],
              [
                115.546023,
                -20.381486
              ],
              [
                115.559922,
                -20.378006
              ]
            ]
          ],
          [
            [
              [
                115.583248,
                -20.661117
              ],
              [
                115.565858,
                -20.640997
              ],
              [
                115.581458,
                -20.651297
              ],
              [
                115.583248,
                -20.661117
              ]
            ]
          ],
          [
            [
              [
                115.511343,
                -31.987614
              ],
              [
                115.527643,
                -32.027634
              ],
              [
                115.449783,
                -32.026185
              ],
              [
                115.511343,
                -31.987614
              ]
            ]
          ],
          [
            [
              [
                115.547655,
                -20.435316
              ],
              [
                115.548445,
                -20.446994
              ],
              [
                115.543165,
                -20.440365
              ],
              [
                115.547655,
                -20.435316
              ]
            ]
          ],
          [
            [
              [
                115.549115,
                -20.432686
              ],
              [
                115.543065,
                -20.436895
              ],
              [
                115.543944,
                -20.415346
              ],
              [
                115.549115,
                -20.432686
              ]
            ]
          ],
          [
            [
              [
                115.547284,
                -21.387085
              ],
              [
                115.542674,
                -21.394745
              ],
              [
                115.542614,
                -21.381985
              ],
              [
                115.547284,
                -21.387085
              ]
            ]
          ],
          [
            [
              [
                115.531971,
                -20.478538
              ],
              [
                115.521147,
                -20.506046
              ],
              [
                115.517185,
                -20.441486
              ],
              [
                115.530605,
                -20.440945
              ],
              [
                115.524495,
                -20.437775
              ],
              [
                115.533224,
                -20.413636
              ],
              [
                115.531971,
                -20.478538
              ]
            ]
          ],
          [
            [
              [
                115.526096,
                -20.410539
              ],
              [
                115.540844,
                -20.402356
              ],
              [
                115.526464,
                -20.411026
              ],
              [
                115.526096,
                -20.410539
              ]
            ]
          ],
          [
            [
              [
                115.539503,
                -20.371706
              ],
              [
                115.512763,
                -20.364835
              ],
              [
                115.532533,
                -20.361036
              ],
              [
                115.539503,
                -20.371706
              ]
            ]
          ],
          [
            [
              [
                115.529804,
                -20.423036
              ],
              [
                115.523554,
                -20.427775
              ],
              [
                115.526214,
                -20.415766
              ],
              [
                115.529804,
                -20.423036
              ]
            ]
          ],
          [
            [
              [
                115.525987,
                -20.399742
              ],
              [
                115.517734,
                -20.401076
              ],
              [
                115.520154,
                -20.389006
              ],
              [
                115.525987,
                -20.399742
              ]
            ]
          ],
          [
            [
              [
                115.433089,
                -20.666898
              ],
              [
                115.420731,
                -20.8637
              ],
              [
                115.321031,
                -20.891581
              ],
              [
                115.433089,
                -20.666898
              ]
            ]
          ],
          [
            [
              [
                115.435077,
                -21.503197
              ],
              [
                115.437428,
                -21.528148
              ],
              [
                115.420108,
                -21.520118
              ],
              [
                115.435077,
                -21.503197
              ]
            ]
          ],
          [
            [
              [
                115.361458,
                -21.485118
              ],
              [
                115.351067,
                -21.483258
              ],
              [
                115.356037,
                -21.468328
              ],
              [
                115.361458,
                -21.485118
              ]
            ]
          ],
          [
            [
              [
                115.337102,
                -20.966192
              ],
              [
                115.324002,
                -20.973882
              ],
              [
                115.316621,
                -20.948202
              ],
              [
                115.337102,
                -20.966192
              ]
            ]
          ],
          [
            [
              [
                115.335951,
                -20.905681
              ],
              [
                115.316531,
                -20.938272
              ],
              [
                115.320791,
                -20.895991
              ],
              [
                115.335951,
                -20.905681
              ]
            ]
          ],
          [
            [
              [
                115.248307,
                -21.568981
              ],
              [
                115.212386,
                -21.599761
              ],
              [
                115.229236,
                -21.569531
              ],
              [
                115.248307,
                -21.568981
              ]
            ]
          ],
          [
            [
              [
                114.995974,
                -21.45083
              ],
              [
                115.016784,
                -21.4652
              ],
              [
                114.971534,
                -21.45938
              ],
              [
                114.995974,
                -21.45083
              ]
            ]
          ],
          [
            [
              [
                114.766554,
                -21.522192
              ],
              [
                114.766454,
                -21.528852
              ],
              [
                114.757644,
                -21.528192
              ],
              [
                114.766554,
                -21.522192
              ]
            ]
          ],
          [
            [
              [
                114.685544,
                -21.604994
              ],
              [
                114.682334,
                -21.630744
              ],
              [
                114.663904,
                -21.592164
              ],
              [
                114.685544,
                -21.604994
              ]
            ]
          ],
          [
            [
              [
                114.579208,
                -21.9839
              ],
              [
                114.570718,
                -22.000991
              ],
              [
                114.566138,
                -21.986731
              ],
              [
                114.579208,
                -21.9839
              ]
            ]
          ],
          [
            [
              [
                114.540818,
                -22.007431
              ],
              [
                114.500758,
                -22.012392
              ],
              [
                114.510348,
                -21.993762
              ],
              [
                114.540818,
                -22.007431
              ]
            ]
          ],
          [
            [
              [
                114.491409,
                -22.118596
              ],
              [
                114.4902,
                -22.135416
              ],
              [
                114.484259,
                -22.135296
              ],
              [
                114.491409,
                -22.118596
              ]
            ]
          ],
          [
            [
              [
                114.48995,
                -22.147037
              ],
              [
                114.4891,
                -22.153137
              ],
              [
                114.48268,
                -22.150307
              ],
              [
                114.48995,
                -22.147037
              ]
            ]
          ],
          [
            [
              [
                114.375333,
                -21.628037
              ],
              [
                114.369784,
                -21.651857
              ],
              [
                114.358194,
                -21.651177
              ],
              [
                114.375333,
                -21.628037
              ]
            ]
          ],
          [
            [
              [
                114.345634,
                -21.660427
              ],
              [
                114.334524,
                -21.675208
              ],
              [
                114.306014,
                -21.711648
              ],
              [
                114.317614,
                -21.685588
              ],
              [
                114.345634,
                -21.660427
              ]
            ]
          ],
          [
            [
              [
                114.188829,
                -22.422416
              ],
              [
                114.181899,
                -22.423746
              ],
              [
                114.181579,
                -22.410655
              ],
              [
                114.188829,
                -22.422416
              ]
            ]
          ],
          [
            [
              [
                114.172859,
                -22.447197
              ],
              [
                114.166589,
                -22.473808
              ],
              [
                114.1476,
                -22.489439
              ],
              [
                114.172859,
                -22.447197
              ]
            ]
          ],
          [
            [
              [
                114.005403,
                -28.90065
              ],
              [
                113.967223,
                -28.938511
              ],
              [
                113.962024,
                -28.985081
              ],
              [
                113.966653,
                -28.932831
              ],
              [
                114.005403,
                -28.90065
              ]
            ]
          ],
          [
            [
              [
                113.921806,
                -25.883864
              ],
              [
                113.858346,
                -25.868224
              ],
              [
                113.855826,
                -25.810704
              ],
              [
                113.909406,
                -25.817443
              ],
              [
                113.921806,
                -25.883864
              ]
            ]
          ],
          [
            [
              [
                113.878802,
                -26.029192
              ],
              [
                113.837327,
                -26.002146
              ],
              [
                113.857318,
                -26.006946
              ],
              [
                113.878802,
                -26.029192
              ]
            ]
          ],
          [
            [
              [
                113.880375,
                -26.030403
              ],
              [
                113.882768,
                -26.032246
              ],
              [
                113.879468,
                -26.043006
              ],
              [
                113.880375,
                -26.030403
              ]
            ]
          ],
          [
            [
              [
                113.87216,
                -26.064486
              ],
              [
                113.871888,
                -26.064306
              ],
              [
                113.877828,
                -26.048446
              ],
              [
                113.87216,
                -26.064486
              ]
            ]
          ],
          [
            [
              [
                113.868412,
                -26.38413
              ],
              [
                113.858452,
                -26.356419
              ],
              [
                113.865251,
                -26.348729
              ],
              [
                113.868412,
                -26.38413
              ]
            ]
          ],
          [
            [
              [
                113.787881,
                -28.71395
              ],
              [
                113.784091,
                -28.72291
              ],
              [
                113.779911,
                -28.70928
              ],
              [
                113.787881,
                -28.71395
              ]
            ]
          ],
          [
            [
              [
                113.772445,
                -26.531451
              ],
              [
                113.769866,
                -26.549051
              ],
              [
                113.759405,
                -26.535202
              ],
              [
                113.772445,
                -26.531451
              ]
            ]
          ],
          [
            [
              [
                113.71808,
                -28.430017
              ],
              [
                113.73015,
                -28.443847
              ],
              [
                113.71939,
                -28.445377
              ],
              [
                113.71808,
                -28.430017
              ]
            ]
          ],
          [
            [
              [
                113.720956,
                -26.06162
              ],
              [
                113.705277,
                -26.094241
              ],
              [
                113.716946,
                -26.057681
              ],
              [
                113.720956,
                -26.06162
              ]
            ]
          ],
          [
            [
              [
                113.68207,
                -28.454007
              ],
              [
                113.6961,
                -28.483998
              ],
              [
                113.68579,
                -28.485128
              ],
              [
                113.68207,
                -28.454007
              ]
            ]
          ],
          [
            [
              [
                113.643794,
                -24.871075
              ],
              [
                113.638364,
                -24.901785
              ],
              [
                113.619694,
                -24.872405
              ],
              [
                113.643794,
                -24.871075
              ]
            ]
          ],
          [
            [
              [
                113.594939,
                -28.289316
              ],
              [
                113.598259,
                -28.307996
              ],
              [
                113.588319,
                -28.300346
              ],
              [
                113.594939,
                -28.289316
              ]
            ]
          ],
          [
            [
              [
                113.340322,
                -26.322034
              ],
              [
                113.331982,
                -26.316854
              ],
              [
                113.336912,
                -26.309703
              ],
              [
                113.340322,
                -26.322034
              ]
            ]
          ],
          [
            [
              [
                112.970672,
                -25.480388
              ],
              [
                113.21628,
                -26.162503
              ],
              [
                112.967386,
                -25.783252
              ],
              [
                112.970672,
                -25.480388
              ]
            ]
          ],
          [
            [
              [
                113.157122,
                -24.7546
              ],
              [
                113.149784,
                -24.935052
              ],
              [
                113.118985,
                -24.986862
              ],
              [
                113.157122,
                -24.7546
              ]
            ]
          ],
          [
            [
              [
                113.118365,
                -24.992162
              ],
              [
                113.110716,
                -25.106763
              ],
              [
                113.076049,
                -25.273245
              ],
              [
                113.118365,
                -24.992162
              ]
            ]
          ]
        ]
      }
    },
    {
      "type": "Feature",
      "properties": {
        "STATE_NAME": "Tasmania",
        "STATE_CODE": "6"
      },
      "geometry": {
        "type": "MultiPolygon",
        "coordinates": [
          [
            [
              [
                148.481887,
                -40.43493
              ],
              [
                148.350555,
                -40.492835
              ],
              [
                148.309927,
                -40.426733
              ],
              [
                147.983558,
                -40.402756
              ],
              [
                148.32979,
                -40.290762
              ],
              [
                148.481887,
                -40.43493
              ]
            ]
          ],
          [
            [
              [
                148.363358,
                -39.947817
              ],
              [
                148.361477,
                -39.953567
              ],
              [
                148.351889,
                -39.950722
              ],
              [
                148.363358,
                -39.947817
              ]
            ]
          ],
          [
            [
              [
                144.65934,
                -41.057356
              ],
              [
                144.745688,
                -41.055616
              ],
              [
                144.695616,
                -41.047835
              ],
              [
                144.683698,
                -41.037541
              ],
              [
                144.661089,
                -41.053436
              ],
              [
                144.60734,
                -41.008782
              ],
              [
                144.711558,
                -40.858335
              ],
              [
                144.725587,
                -40.64169
              ],
              [
                144.76588,
                -40.743571
              ],
              [
                144.979247,
                -40.743338
              ],
              [
                145.12138,
                -40.837964
              ],
              [
                145.258989,
                -40.80576
              ],
              [
                145.26034,
                -40.712323
              ],
              [
                145.269072,
                -40.811055
              ],
              [
                145.321458,
                -40.849701
              ],
              [
                145.511598,
                -40.853572
              ],
              [
                146.250678,
                -41.196567
              ],
              [
                146.35686,
                -41.158478
              ],
              [
                146.347735,
                -41.217352
              ],
              [
                146.388562,
                -41.238242
              ],
              [
                146.369814,
                -41.167473
              ],
              [
                146.531894,
                -41.118429
              ],
              [
                146.565167,
                -41.25103
              ],
              [
                146.606795,
                -41.259365
              ],
              [
                146.564451,
                -41.146471
              ],
              [
                146.768439,
                -41.078863
              ],
              [
                146.820089,
                -41.137656
              ],
              [
                146.763244,
                -41.149663
              ],
              [
                146.770639,
                -41.165274
              ],
              [
                146.92315,
                -41.169772
              ],
              [
                146.897505,
                -41.202552
              ],
              [
                146.97063,
                -41.30922
              ],
              [
                147.121852,
                -41.443637
              ],
              [
                147.143215,
                -41.429298
              ],
              [
                147.145933,
                -41.417212
              ],
              [
                147.156018,
                -41.417372
              ],
              [
                146.911996,
                -41.211971
              ],
              [
                146.96542,
                -41.19006
              ],
              [
                146.786601,
                -41.054124
              ],
              [
                147.020898,
                -40.980265
              ],
              [
                147.157889,
                -41.0314
              ],
              [
                147.279843,
                -40.941692
              ],
              [
                147.345618,
                -40.939475
              ],
              [
                147.35543,
                -40.98228
              ],
              [
                147.384266,
                -40.980446
              ],
              [
                147.401375,
                -41.011332
              ],
              [
                147.434541,
                -41.011899
              ],
              [
                147.594815,
                -40.849136
              ],
              [
                147.669685,
                -40.821027
              ],
              [
                147.751958,
                -40.875958
              ],
              [
                147.756472,
                -40.865117
              ],
              [
                147.822023,
                -40.886929
              ],
              [
                147.904155,
                -40.877669
              ],
              [
                147.93876,
                -40.739958
              ],
              [
                148.032537,
                -40.750995
              ],
              [
                148.349459,
                -40.992895
              ],
              [
                148.249497,
                -41.051097
              ],
              [
                148.25287,
                -41.190939
              ],
              [
                148.338352,
                -41.259955
              ],
              [
                148.235763,
                -41.322759
              ],
              [
                148.359084,
                -41.279556
              ],
              [
                148.249273,
                -41.486025
              ],
              [
                148.316653,
                -41.575378
              ],
              [
                148.264411,
                -41.807216
              ],
              [
                148.346237,
                -42.223782
              ],
              [
                148.293006,
                -42.28185
              ],
              [
                148.298424,
                -42.12564
              ],
              [
                148.221071,
                -42.068837
              ],
              [
                148.157191,
                -42.074206
              ],
              [
                148.24331,
                -41.988302
              ],
              [
                148.093054,
                -42.080769
              ],
              [
                148.235198,
                -42.097901
              ],
              [
                148.123932,
                -42.092425
              ],
              [
                148.046666,
                -42.118418
              ],
              [
                148.083882,
                -42.167915
              ],
              [
                147.93113,
                -42.343481
              ],
              [
                148.018485,
                -42.315007
              ],
              [
                148.010483,
                -42.510352
              ],
              [
                147.875079,
                -42.554772
              ],
              [
                147.946552,
                -42.72801
              ],
              [
                147.790526,
                -42.903081
              ],
              [
                147.605973,
                -42.869225
              ],
              [
                147.621625,
                -42.844509
              ],
              [
                147.59673,
                -42.813354
              ],
              [
                147.603343,
                -42.798117
              ],
              [
                147.594183,
                -42.781572
              ],
              [
                147.585385,
                -42.778262
              ],
              [
                147.434631,
                -42.774071
              ],
              [
                147.613374,
                -42.845948
              ],
              [
                147.503627,
                -42.86429
              ],
              [
                147.554079,
                -42.985644
              ],
              [
                147.520732,
                -43.021104
              ],
              [
                147.418833,
                -43.050494
              ],
              [
                147.391983,
                -42.9757
              ],
              [
                147.468801,
                -43.026716
              ],
              [
                147.479007,
                -42.90631
              ],
              [
                147.40893,
                -42.938809
              ],
              [
                147.262597,
                -42.730198
              ],
              [
                147.256732,
                -42.757012
              ],
              [
                147.198991,
                -42.725319
              ],
              [
                147.114552,
                -42.773108
              ],
              [
                147.198323,
                -42.74044
              ],
              [
                147.322112,
                -42.832089
              ],
              [
                147.344282,
                -43.051679
              ],
              [
                147.284934,
                -43.008305
              ],
              [
                147.265438,
                -43.021382
              ],
              [
                147.260974,
                -43.223517
              ],
              [
                147.167749,
                -43.283386
              ],
              [
                147.08251,
                -43.16295
              ],
              [
                147.061925,
                -43.2251
              ],
              [
                146.984409,
                -43.189432
              ],
              [
                147.044775,
                -43.047391
              ],
              [
                147.029687,
                -43.058653
              ],
              [
                146.949969,
                -43.16384
              ],
              [
                147.100133,
                -43.290217
              ],
              [
                146.982438,
                -43.330102
              ],
              [
                147.059306,
                -43.353063
              ],
              [
                147.017624,
                -43.443455
              ],
              [
                146.923638,
                -43.415583
              ],
              [
                147.001794,
                -43.479652
              ],
              [
                146.900596,
                -43.51622
              ],
              [
                146.870924,
                -43.638637
              ],
              [
                146.705475,
                -43.633411
              ],
              [
                146.559389,
                -43.464884
              ],
              [
                146.596074,
                -43.543486
              ],
              [
                146.216007,
                -43.485565
              ],
              [
                146.031119,
                -43.570953
              ],
              [
                145.997379,
                -43.406945
              ],
              [
                145.921467,
                -43.381296
              ],
              [
                145.993652,
                -43.394252
              ],
              [
                145.986817,
                -43.329322
              ],
              [
                146.14448,
                -43.408668
              ],
              [
                146.231605,
                -43.322462
              ],
              [
                146.00377,
                -43.335344
              ],
              [
                145.917305,
                -43.211356
              ],
              [
                145.862489,
                -43.273027
              ],
              [
                145.926633,
                -43.300487
              ],
              [
                145.84123,
                -43.315266
              ],
              [
                145.682228,
                -43.050468
              ],
              [
                145.494879,
                -42.991523
              ],
              [
                145.36621,
                -42.656512
              ],
              [
                145.262948,
                -42.621623
              ],
              [
                145.304412,
                -42.571212
              ],
              [
                145.165516,
                -42.196975
              ],
              [
                145.453279,
                -42.404432
              ],
              [
                145.44664,
                -42.437442
              ],
              [
                145.473909,
                -42.525843
              ],
              [
                145.458028,
                -42.434789
              ],
              [
                145.491948,
                -42.422257
              ],
              [
                145.531057,
                -42.449533
              ],
              [
                145.55474,
                -42.44041
              ],
              [
                145.60815,
                -42.453045
              ],
              [
                145.618204,
                -42.445481
              ],
              [
                145.513056,
                -42.434502
              ],
              [
                145.557614,
                -42.357028
              ],
              [
                145.480852,
                -42.36448
              ],
              [
                145.333926,
                -42.15176
              ],
              [
                145.223136,
                -42.218705
              ],
              [
                145.204115,
                -41.936815
              ],
              [
                144.91122,
                -41.691228
              ],
              [
                145.050122,
                -41.62588
              ],
              [
                145.034811,
                -41.616962
              ],
              [
                145.051069,
                -41.608013
              ],
              [
                145.050574,
                -41.601303
              ],
              [
                144.920865,
                -41.667596
              ],
              [
                144.745887,
                -41.421491
              ],
              [
                144.65934,
                -41.057356
              ]
            ],
            [
              [
                144.779333,
                -41.0795
              ],
              [
                144.77521,
                -41.084293
              ],
              [
                144.781261,
                -41.079853
              ],
              [
                144.779333,
                -41.0795
              ]
            ],
            [
              [
                144.791172,
                -41.06869
              ],
              [
                144.791585,
                -41.068865
              ],
              [
                144.795223,
                -41.054998
              ],
              [
                144.791172,
                -41.06869
              ]
            ],
            [
              [
                144.796219,
                -41.055736
              ],
              [
                144.798652,
                -41.060035
              ],
              [
                144.79924,
                -41.057974
              ],
              [
                144.796219,
                -41.055736
              ]
            ],
            [
              [
                144.791165,
                -41.086281
              ],
              [
                144.790728,
                -41.086832
              ],
              [
                144.799122,
                -41.089529
              ],
              [
                144.791165,
                -41.086281
              ]
            ],
            [
              [
                145.103775,
                -41.655895
              ],
              [
                145.062093,
                -41.647983
              ],
              [
                145.081232,
                -41.657116
              ],
              [
                145.103775,
                -41.655895
              ]
            ],
            [
              [
                145.388656,
                -42.196644
              ],
              [
                145.411219,
                -42.198418
              ],
              [
                145.414992,
                -42.196811
              ],
              [
                145.388656,
                -42.196644
              ]
            ],
            [
              [
                145.430958,
                -42.190011
              ],
              [
                145.449001,
                -42.199769
              ],
              [
                145.469823,
                -42.197144
              ],
              [
                145.471508,
                -42.185374
              ],
              [
                145.487023,
                -42.186916
              ],
              [
                145.499953,
                -42.176319
              ],
              [
                145.430958,
                -42.190011
              ]
            ],
            [
              [
                146.156535,
                -43.414211
              ],
              [
                146.166411,
                -43.418752
              ],
              [
                146.168631,
                -43.411074
              ],
              [
                146.156535,
                -43.414211
              ]
            ],
            [
              [
                147.528667,
                -42.985174
              ],
              [
                147.516449,
                -42.952131
              ],
              [
                147.509146,
                -42.967315
              ],
              [
                147.528667,
                -42.985174
              ]
            ],
            [
              [
                148.301216,
                -41.251273
              ],
              [
                148.287988,
                -41.250247
              ],
              [
                148.287613,
                -41.256935
              ],
              [
                148.301216,
                -41.251273
              ]
            ],
            [
              [
                147.20575,
                -40.999837
              ],
              [
                147.203245,
                -40.999937
              ],
              [
                147.202672,
                -41.009008
              ],
              [
                147.20575,
                -40.999837
              ]
            ],
            [
              [
                146.151908,
                -41.176943
              ],
              [
                146.128983,
                -41.152298
              ],
              [
                146.120766,
                -41.155706
              ],
              [
                146.151908,
                -41.176943
              ]
            ],
            [
              [
                145.120845,
                -40.838941
              ],
              [
                145.091374,
                -40.847701
              ],
              [
                145.119694,
                -40.841042
              ],
              [
                145.120845,
                -40.838941
              ]
            ],
            [
              [
                148.246233,
                -41.469993
              ],
              [
                148.244398,
                -41.46657
              ],
              [
                148.231605,
                -41.453279
              ],
              [
                148.246233,
                -41.469993
              ]
            ],
            [
              [
                148.229653,
                -41.44264
              ],
              [
                148.22763,
                -41.431612
              ],
              [
                148.228745,
                -41.442547
              ],
              [
                148.229653,
                -41.44264
              ]
            ],
            [
              [
                148.21989,
                -41.44558
              ],
              [
                148.21592,
                -41.446137
              ],
              [
                148.219108,
                -41.446805
              ],
              [
                148.21989,
                -41.44558
              ]
            ],
            [
              [
                148.204248,
                -41.443691
              ],
              [
                148.205429,
                -41.440982
              ],
              [
                148.197882,
                -41.442357
              ],
              [
                148.204248,
                -41.443691
              ]
            ],
            [
              [
                148.073524,
                -42.065245
              ],
              [
                148.075899,
                -42.062644
              ],
              [
                148.06396,
                -42.068366
              ],
              [
                148.073524,
                -42.065245
              ]
            ],
            [
              [
                147.002317,
                -43.01687
              ],
              [
                147.056261,
                -43.039689
              ],
              [
                147.036506,
                -43.024661
              ],
              [
                147.034041,
                -43.010891
              ],
              [
                147.002317,
                -43.01687
              ]
            ],
            [
              [
                146.907601,
                -43.432393
              ],
              [
                146.908291,
                -43.432156
              ],
              [
                146.905874,
                -43.420799
              ],
              [
                146.907601,
                -43.432393
              ]
            ],
            [
              [
                145.908648,
                -43.187014
              ],
              [
                145.937342,
                -43.191481
              ],
              [
                145.921338,
                -43.163191
              ],
              [
                145.940454,
                -43.150439
              ],
              [
                145.920472,
                -43.161382
              ],
              [
                145.927102,
                -43.189413
              ],
              [
                145.908648,
                -43.187014
              ]
            ],
            [
              [
                145.673267,
                -42.44273
              ],
              [
                145.626303,
                -42.445889
              ],
              [
                145.671991,
                -42.444866
              ],
              [
                145.665285,
                -42.527497
              ],
              [
                145.670983,
                -42.562363
              ],
              [
                145.718173,
                -42.590035
              ],
              [
                145.741359,
                -42.591139
              ],
              [
                145.671843,
                -42.560717
              ],
              [
                145.673267,
                -42.44273
              ]
            ],
            [
              [
                145.253297,
                -42.018618
              ],
              [
                145.253247,
                -42.019488
              ],
              [
                145.267714,
                -42.022905
              ],
              [
                145.253297,
                -42.018618
              ]
            ]
          ],
          [
            [
              [
                148.344715,
                -40.499249
              ],
              [
                148.340391,
                -40.517047
              ],
              [
                148.331176,
                -40.496379
              ],
              [
                148.344715,
                -40.499249
              ]
            ]
          ],
          [
            [
              [
                148.328564,
                -39.931983
              ],
              [
                148.322896,
                -39.959535
              ],
              [
                148.315224,
                -39.946672
              ],
              [
                148.328564,
                -39.931983
              ]
            ]
          ],
          [
            [
              [
                148.345979,
                -42.341687
              ],
              [
                148.251987,
                -42.328576
              ],
              [
                148.236136,
                -42.306489
              ],
              [
                148.298482,
                -42.292461
              ],
              [
                148.345979,
                -42.341687
              ]
            ]
          ],
          [
            [
              [
                148.334277,
                -40.208333
              ],
              [
                148.04611,
                -40.249506
              ],
              [
                148.007019,
                -40.105369
              ],
              [
                147.859016,
                -40.023392
              ],
              [
                147.880012,
                -39.907311
              ],
              [
                147.748199,
                -39.873759
              ],
              [
                147.84384,
                -39.837056
              ],
              [
                147.847978,
                -39.75067
              ],
              [
                147.963439,
                -39.72707
              ],
              [
                148.177245,
                -39.952059
              ],
              [
                148.291135,
                -39.965118
              ],
              [
                148.223281,
                -40.121045
              ],
              [
                148.287652,
                -40.080784
              ],
              [
                148.334277,
                -40.208333
              ]
            ]
          ],
          [
            [
              [
                148.295423,
                -40.257441
              ],
              [
                148.306275,
                -40.292821
              ],
              [
                148.278335,
                -40.284192
              ],
              [
                148.295423,
                -40.257441
              ]
            ]
          ],
          [
            [
              [
                148.30324,
                -40.504399
              ],
              [
                148.314921,
                -40.520474
              ],
              [
                148.304317,
                -40.521119
              ],
              [
                148.30324,
                -40.504399
              ]
            ]
          ],
          [
            [
              [
                148.256437,
                -40.241762
              ],
              [
                148.233843,
                -40.25469
              ],
              [
                148.227773,
                -40.240908
              ],
              [
                148.256437,
                -40.241762
              ]
            ]
          ],
          [
            [
              [
                148.261927,
                -40.228468
              ],
              [
                148.244487,
                -40.225414
              ],
              [
                148.256977,
                -40.221973
              ],
              [
                148.261927,
                -40.228468
              ]
            ]
          ],
          [
            [
              [
                148.248432,
                -40.487771
              ],
              [
                148.198465,
                -40.590122
              ],
              [
                148.095831,
                -40.531738
              ],
              [
                148.13113,
                -40.502107
              ],
              [
                148.248432,
                -40.487771
              ]
            ]
          ],
          [
            [
              [
                148.215104,
                -40.254906
              ],
              [
                148.205679,
                -40.258491
              ],
              [
                148.201749,
                -40.249739
              ],
              [
                148.215104,
                -40.254906
              ]
            ]
          ],
          [
            [
              [
                148.169014,
                -42.64868
              ],
              [
                148.081273,
                -42.661757
              ],
              [
                148.013573,
                -42.741864
              ],
              [
                148.067397,
                -42.570657
              ],
              [
                148.169014,
                -42.64868
              ]
            ]
          ],
          [
            [
              [
                148.166054,
                -40.291935
              ],
              [
                148.131932,
                -40.297874
              ],
              [
                148.143219,
                -40.290113
              ],
              [
                148.166054,
                -40.291935
              ]
            ]
          ],
          [
            [
              [
                148.119373,
                -40.72693
              ],
              [
                148.108142,
                -40.742853
              ],
              [
                148.089824,
                -40.740085
              ],
              [
                148.119373,
                -40.72693
              ]
            ]
          ],
          [
            [
              [
                148.108589,
                -40.295667
              ],
              [
                148.107638,
                -40.31247
              ],
              [
                148.097565,
                -40.30909
              ],
              [
                148.108589,
                -40.295667
              ]
            ]
          ],
          [
            [
              [
                148.082002,
                -40.48878
              ],
              [
                148.047732,
                -40.474074
              ],
              [
                148.061758,
                -40.468454
              ],
              [
                148.082002,
                -40.48878
              ]
            ]
          ],
          [
            [
              [
                148.006358,
                -40.351234
              ],
              [
                147.994764,
                -40.369337
              ],
              [
                147.980622,
                -40.367635
              ],
              [
                148.006358,
                -40.351234
              ]
            ]
          ],
          [
            [
              [
                148.011504,
                -43.221681
              ],
              [
                147.89663,
                -43.190994
              ],
              [
                147.863332,
                -43.107856
              ],
              [
                147.874616,
                -43.206364
              ],
              [
                147.785615,
                -43.237973
              ],
              [
                147.619071,
                -43.006636
              ],
              [
                147.678878,
                -42.934545
              ],
              [
                147.718453,
                -43.027975
              ],
              [
                147.86034,
                -43.057314
              ],
              [
                147.924995,
                -43.015889
              ],
              [
                147.84686,
                -43.013058
              ],
              [
                147.802901,
                -42.893233
              ],
              [
                147.970888,
                -42.864223
              ],
              [
                147.99951,
                -42.964206
              ],
              [
                147.926429,
                -43.021228
              ],
              [
                148.011504,
                -43.221681
              ]
            ]
          ],
          [
            [
              [
                147.982519,
                -39.636983
              ],
              [
                147.991378,
                -39.663382
              ],
              [
                147.964916,
                -39.660639
              ],
              [
                147.982519,
                -39.636983
              ]
            ]
          ],
          [
            [
              [
                148.009528,
                -43.23655
              ],
              [
                147.998704,
                -43.246389
              ],
              [
                147.998884,
                -43.2329
              ],
              [
                148.009528,
                -43.23655
              ]
            ]
          ],
          [
            [
              [
                147.983745,
                -40.17753
              ],
              [
                147.973717,
                -40.194177
              ],
              [
                147.971787,
                -40.175701
              ],
              [
                147.983745,
                -40.17753
              ]
            ]
          ],
          [
            [
              [
                147.926712,
                -39.685286
              ],
              [
                147.902897,
                -39.705225
              ],
              [
                147.887686,
                -39.687877
              ],
              [
                147.926712,
                -39.685286
              ]
            ]
          ],
          [
            [
              [
                147.931415,
                -40.257936
              ],
              [
                147.927698,
                -40.28189
              ],
              [
                147.91109,
                -40.278657
              ],
              [
                147.931415,
                -40.257936
              ]
            ]
          ],
          [
            [
              [
                147.917208,
                -40.186277
              ],
              [
                147.890374,
                -40.190523
              ],
              [
                147.906282,
                -40.177344
              ],
              [
                147.917208,
                -40.186277
              ]
            ]
          ],
          [
            [
              [
                147.839791,
                -40.292112
              ],
              [
                147.881166,
                -40.325954
              ],
              [
                147.836332,
                -40.303464
              ],
              [
                147.839791,
                -40.292112
              ]
            ]
          ],
          [
            [
              [
                147.893182,
                -40.09728
              ],
              [
                147.886775,
                -40.106159
              ],
              [
                147.886514,
                -40.094623
              ],
              [
                147.893182,
                -40.09728
              ]
            ]
          ],
          [
            [
              [
                147.799564,
                -40.294439
              ],
              [
                147.787186,
                -40.299919
              ],
              [
                147.790695,
                -40.294971
              ],
              [
                147.799564,
                -40.294439
              ]
            ]
          ],
          [
            [
              [
                147.764212,
                -40.028643
              ],
              [
                147.756551,
                -40.094755
              ],
              [
                147.726294,
                -40.103138
              ],
              [
                147.764212,
                -40.028643
              ]
            ]
          ],
          [
            [
              [
                147.778852,
                -39.908975
              ],
              [
                147.769124,
                -39.909354
              ],
              [
                147.774023,
                -39.903602
              ],
              [
                147.778852,
                -39.908975
              ]
            ]
          ],
          [
            [
              [
                147.675423,
                -43.135705
              ],
              [
                147.670393,
                -43.140366
              ],
              [
                147.672294,
                -43.129312
              ],
              [
                147.675423,
                -43.135705
              ]
            ]
          ],
          [
            [
              [
                147.643785,
                -42.943718
              ],
              [
                147.6446,
                -42.958921
              ],
              [
                147.635678,
                -42.947163
              ],
              [
                147.643785,
                -42.943718
              ]
            ]
          ],
          [
            [
              [
                147.640959,
                -40.779814
              ],
              [
                147.634164,
                -40.80714
              ],
              [
                147.617007,
                -40.813388
              ],
              [
                147.640959,
                -40.779814
              ]
            ]
          ],
          [
            [
              [
                147.490874,
                -43.062006
              ],
              [
                147.472132,
                -43.045822
              ],
              [
                147.484844,
                -43.044846
              ],
              [
                147.490874,
                -43.062006
              ]
            ]
          ],
          [
            [
              [
                147.2028,
                -43.436981
              ],
              [
                147.146534,
                -43.496781
              ],
              [
                147.093898,
                -43.428398
              ],
              [
                147.179878,
                -43.458298
              ],
              [
                147.179097,
                -43.352555
              ],
              [
                147.357883,
                -43.255799
              ],
              [
                147.378961,
                -43.176046
              ],
              [
                147.276007,
                -43.166545
              ],
              [
                147.351249,
                -43.063933
              ],
              [
                147.43327,
                -43.231539
              ],
              [
                147.322286,
                -43.304035
              ],
              [
                147.378941,
                -43.390294
              ],
              [
                147.294719,
                -43.516165
              ],
              [
                147.2028,
                -43.436981
              ]
            ],
            [
              [
                147.202009,
                -43.419163
              ],
              [
                147.241973,
                -43.425713
              ],
              [
                147.241714,
                -43.413905
              ],
              [
                147.202009,
                -43.419163
              ]
            ]
          ],
          [
            [
              [
                147.3218,
                -39.452009
              ],
              [
                147.351315,
                -39.497497
              ],
              [
                147.305587,
                -39.483653
              ],
              [
                147.3218,
                -39.452009
              ]
            ]
          ],
          [
            [
              [
                147.27475,
                -39.443508
              ],
              [
                147.289884,
                -39.477292
              ],
              [
                147.26039,
                -39.479499
              ],
              [
                147.27475,
                -39.443508
              ]
            ]
          ],
          [
            [
              [
                147.148378,
                -43.286161
              ],
              [
                147.144375,
                -43.294334
              ],
              [
                147.137975,
                -43.290256
              ],
              [
                147.148378,
                -43.286161
              ]
            ]
          ],
          [
            [
              [
                147.134308,
                -43.257362
              ],
              [
                147.127599,
                -43.264154
              ],
              [
                147.129748,
                -43.252992
              ],
              [
                147.134308,
                -43.257362
              ]
            ]
          ],
          [
            [
              [
                147.105801,
                -43.396061
              ],
              [
                147.100439,
                -43.409456
              ],
              [
                147.094049,
                -43.398601
              ],
              [
                147.105801,
                -43.396061
              ]
            ]
          ],
          [
            [
              [
                147.087857,
                -41.380311
              ],
              [
                147.082433,
                -41.384656
              ],
              [
                147.079222,
                -41.372835
              ],
              [
                147.087857,
                -41.380311
              ]
            ]
          ],
          [
            [
              [
                147.041416,
                -43.05334
              ],
              [
                147.023477,
                -43.07742
              ],
              [
                147.030713,
                -43.058525
              ],
              [
                147.041416,
                -43.05334
              ]
            ]
          ],
          [
            [
              [
                147.004912,
                -43.104127
              ],
              [
                147.013611,
                -43.111723
              ],
              [
                146.999908,
                -43.12072
              ],
              [
                147.004912,
                -43.104127
              ]
            ]
          ],
          [
            [
              [
                146.985648,
                -39.206708
              ],
              [
                146.987585,
                -39.231245
              ],
              [
                146.977272,
                -39.229041
              ],
              [
                146.985648,
                -39.206708
              ]
            ]
          ],
          [
            [
              [
                146.657957,
                -39.463161
              ],
              [
                146.640237,
                -39.480157
              ],
              [
                146.637765,
                -39.473738
              ],
              [
                146.657957,
                -39.463161
              ]
            ]
          ],
          [
            [
              [
                146.39519,
                -39.230963
              ],
              [
                146.380633,
                -39.231644
              ],
              [
                146.388608,
                -39.224415
              ],
              [
                146.39519,
                -39.230963
              ]
            ]
          ],
          [
            [
              [
                146.37484,
                -43.586771
              ],
              [
                146.351368,
                -43.607305
              ],
              [
                146.336781,
                -43.59187
              ],
              [
                146.37484,
                -43.586771
              ]
            ]
          ],
          [
            [
              [
                146.297123,
                -43.61968
              ],
              [
                146.285371,
                -43.620976
              ],
              [
                146.292232,
                -43.61296
              ],
              [
                146.297123,
                -43.61968
              ]
            ]
          ],
          [
            [
              [
                146.286411,
                -43.651435
              ],
              [
                146.267079,
                -43.657607
              ],
              [
                146.274786,
                -43.636469
              ],
              [
                146.286411,
                -43.651435
              ]
            ]
          ],
          [
            [
              [
                145.971353,
                -43.418402
              ],
              [
                145.963439,
                -43.423217
              ],
              [
                145.968562,
                -43.412262
              ],
              [
                145.971353,
                -43.418402
              ]
            ]
          ],
          [
            [
              [
                145.104473,
                -40.793663
              ],
              [
                145.045964,
                -40.782596
              ],
              [
                145.044247,
                -40.751168
              ],
              [
                145.104473,
                -40.793663
              ]
            ]
          ],
          [
            [
              [
                144.893737,
                -40.74048
              ],
              [
                144.927522,
                -40.577381
              ],
              [
                145.06788,
                -40.714365
              ],
              [
                144.893737,
                -40.74048
              ]
            ]
          ],
          [
            [
              [
                144.969885,
                -40.426237
              ],
              [
                144.896639,
                -40.483856
              ],
              [
                144.834773,
                -40.44306
              ],
              [
                144.887152,
                -40.388676
              ],
              [
                144.969885,
                -40.426237
              ]
            ]
          ],
          [
            [
              [
                144.841326,
                -40.695521
              ],
              [
                144.823774,
                -40.699205
              ],
              [
                144.832674,
                -40.690735
              ],
              [
                144.841326,
                -40.695521
              ]
            ]
          ],
          [
            [
              [
                144.792726,
                -40.417558
              ],
              [
                144.791029,
                -40.507352
              ],
              [
                144.757535,
                -40.605984
              ],
              [
                144.710652,
                -40.484483
              ],
              [
                144.792726,
                -40.417558
              ]
            ]
          ],
          [
            [
              [
                144.723282,
                -40.606018
              ],
              [
                144.716306,
                -40.606493
              ],
              [
                144.717605,
                -40.599452
              ],
              [
                144.723282,
                -40.606018
              ]
            ]
          ],
          [
            [
              [
                144.698287,
                -40.633742
              ],
              [
                144.687308,
                -40.638708
              ],
              [
                144.6791,
                -40.627154
              ],
              [
                144.698287,
                -40.633742
              ]
            ]
          ],
          [
            [
              [
                144.109657,
                -39.669979
              ],
              [
                144.105457,
                -40.044375
              ],
              [
                143.925725,
                -40.157964
              ],
              [
                143.875275,
                -40.116764
              ],
              [
                143.84424,
                -39.715568
              ],
              [
                143.94575,
                -39.580467
              ],
              [
                144.109657,
                -39.669979
              ]
            ]
          ],
          [
            [
              [
                143.837861,
                -39.669329
              ],
              [
                143.819218,
                -39.674996
              ],
              [
                143.826748,
                -39.665015
              ],
              [
                143.837861,
                -39.669329
              ]
            ]
          ],
          [
            [
              [
                143.835897,
                -39.687897
              ],
              [
                143.829885,
                -39.693141
              ],
              [
                143.826046,
                -39.682948
              ],
              [
                143.835897,
                -39.687897
              ]
            ]
          ]
        ]
      }
    },
    {
      "type": "Feature",
      "properties": {
        "STATE_NAME": "Northern Territory",
        "STATE_CODE": "7"
      },
      "geometry": {
        "type": "MultiPolygon",
        "coordinates": [
          [
            [
              [
                130.517887,
                -12.731048
              ],
              [
                130.62497,
                -12.769403
              ],
              [
                130.621453,
                -12.705205
              ],
              [
                130.689143,
                -12.751495
              ],
              [
                130.738762,
                -12.710544
              ],
              [
                130.585863,
                -12.684445
              ],
              [
                130.545662,
                -12.634304
              ],
              [
                130.641181,
                -12.644164
              ],
              [
                130.566791,
                -12.581523
              ],
              [
                130.6193,
                -12.381373
              ],
              [
                130.765148,
                -12.437371
              ],
              [
                130.774399,
                -12.545592
              ],
              [
                130.729289,
                -12.581592
              ],
              [
                130.73203,
                -12.596932
              ],
              [
                130.778559,
                -12.559142
              ],
              [
                130.767359,
                -12.601692
              ],
              [
                130.777129,
                -12.599592
              ],
              [
                130.77992,
                -12.619472
              ],
              [
                130.79185,
                -12.621902
              ],
              [
                130.810159,
                -12.539891
              ],
              [
                130.86976,
                -12.658733
              ],
              [
                130.966849,
                -12.629782
              ],
              [
                130.859208,
                -12.506591
              ],
              [
                130.953849,
                -12.555131
              ],
              [
                130.946728,
                -12.47105
              ],
              [
                130.816378,
                -12.40713
              ],
              [
                130.896007,
                -12.33006
              ],
              [
                131.012507,
                -12.367
              ],
              [
                131.008917,
                -12.35638
              ],
              [
                131.055047,
                -12.347789
              ],
              [
                131.030606,
                -12.146439
              ],
              [
                131.169055,
                -12.173219
              ],
              [
                131.222045,
                -12.227179
              ],
              [
                131.20783,
                -12.239412
              ],
              [
                131.205976,
                -12.270389
              ],
              [
                131.225006,
                -12.285039
              ],
              [
                131.297126,
                -12.042609
              ],
              [
                131.322765,
                -12.193429
              ],
              [
                131.426776,
                -12.275411
              ],
              [
                131.879259,
                -12.214551
              ],
              [
                132.069714,
                -12.30354
              ],
              [
                132.238192,
                -12.169761
              ],
              [
                132.389393,
                -12.236413
              ],
              [
                132.629281,
                -12.085415
              ],
              [
                132.655323,
                -11.889815
              ],
              [
                132.580704,
                -11.786005
              ],
              [
                132.648944,
                -11.722446
              ],
              [
                132.654704,
                -11.685646
              ],
              [
                132.499845,
                -11.682115
              ],
              [
                132.616644,
                -11.654786
              ],
              [
                132.494157,
                -11.482506
              ],
              [
                132.238798,
                -11.455203
              ],
              [
                132.113829,
                -11.539922
              ],
              [
                131.94354,
                -11.319862
              ],
              [
                131.762662,
                -11.315752
              ],
              [
                131.882481,
                -11.181534
              ],
              [
                131.96121,
                -11.253053
              ],
              [
                131.992971,
                -11.124244
              ],
              [
                132.113539,
                -11.211133
              ],
              [
                132.170359,
                -11.420423
              ],
              [
                132.236468,
                -11.339893
              ],
              [
                132.172569,
                -11.323443
              ],
              [
                132.13561,
                -11.122384
              ],
              [
                132.283548,
                -11.276724
              ],
              [
                132.333289,
                -11.115725
              ],
              [
                132.373688,
                -11.295455
              ],
              [
                132.451037,
                -11.218075
              ],
              [
                132.669005,
                -11.515587
              ],
              [
                132.896403,
                -11.425896
              ],
              [
                132.917953,
                -11.331725
              ],
              [
                133.190651,
                -11.728637
              ],
              [
                133.343359,
                -11.693715
              ],
              [
                133.320889,
                -11.769845
              ],
              [
                133.533786,
                -11.760334
              ],
              [
                133.611086,
                -11.842784
              ],
              [
                133.793905,
                -11.724672
              ],
              [
                133.915564,
                -11.742441
              ],
              [
                133.940344,
                -11.770351
              ],
              [
                133.846505,
                -11.813482
              ],
              [
                133.829615,
                -11.864992
              ],
              [
                133.907715,
                -11.927621
              ],
              [
                134.030774,
                -11.85497
              ],
              [
                134.074835,
                -11.94182
              ],
              [
                134.127154,
                -11.897279
              ],
              [
                134.194245,
                -12.028678
              ],
              [
                134.162236,
                -12.100449
              ],
              [
                134.168416,
                -12.114769
              ],
              [
                134.188036,
                -12.105348
              ],
              [
                134.228395,
                -12.036468
              ],
              [
                134.253515,
                -12.034148
              ],
              [
                134.245784,
                -11.984748
              ],
              [
                134.490904,
                -12.077235
              ],
              [
                134.747592,
                -11.949342
              ],
              [
                134.856814,
                -12.131031
              ],
              [
                135.213054,
                -12.295298
              ],
              [
                135.161584,
                -12.225009
              ],
              [
                135.342493,
                -12.246377
              ],
              [
                135.223323,
                -12.188688
              ],
              [
                135.366211,
                -12.084717
              ],
              [
                135.570011,
                -12.100746
              ],
              [
                135.65355,
                -12.039505
              ],
              [
                135.909888,
                -11.952393
              ],
              [
                135.659231,
                -12.149925
              ],
              [
                135.710377,
                -12.312562
              ],
              [
                136.045759,
                -12.063082
              ],
              [
                135.928041,
                -12.222093
              ],
              [
                135.950052,
                -12.279043
              ],
              [
                136.061201,
                -12.240882
              ],
              [
                135.988914,
                -12.462353
              ],
              [
                136.231734,
                -12.46572
              ],
              [
                136.35914,
                -12.230379
              ],
              [
                136.167409,
                -12.163021
              ],
              [
                136.562955,
                -11.876607
              ],
              [
                136.448947,
                -11.987458
              ],
              [
                136.488997,
                -12.040088
              ],
              [
                136.531076,
                -11.991437
              ],
              [
                136.647501,
                -12.269716
              ],
              [
                136.74227,
                -12.271824
              ],
              [
                136.752159,
                -12.214144
              ],
              [
                136.681359,
                -12.186335
              ],
              [
                136.782358,
                -12.159094
              ],
              [
                136.978918,
                -12.345442
              ],
              [
                136.772733,
                -12.555524
              ],
              [
                136.794432,
                -12.449754
              ],
              [
                136.720943,
                -12.458235
              ],
              [
                136.748393,
                -12.533914
              ],
              [
                136.730974,
                -12.562904
              ],
              [
                136.720064,
                -12.553845
              ],
              [
                136.693814,
                -12.567355
              ],
              [
                136.691584,
                -12.587555
              ],
              [
                136.669265,
                -12.590565
              ],
              [
                136.680395,
                -12.603575
              ],
              [
                136.747443,
                -12.551644
              ],
              [
                136.761883,
                -12.577404
              ],
              [
                136.693856,
                -12.711095
              ],
              [
                136.617426,
                -12.689846
              ],
              [
                136.621747,
                -12.839455
              ],
              [
                136.549817,
                -12.740376
              ],
              [
                136.542848,
                -12.806756
              ],
              [
                136.463708,
                -12.772047
              ],
              [
                136.667967,
                -13.004314
              ],
              [
                136.455209,
                -12.978237
              ],
              [
                136.566709,
                -13.058835
              ],
              [
                136.46778,
                -13.247545
              ],
              [
                136.331362,
                -13.324706
              ],
              [
                136.388071,
                -13.227066
              ],
              [
                136.33342,
                -13.034147
              ],
              [
                136.315631,
                -13.159627
              ],
              [
                136.218042,
                -13.138268
              ],
              [
                136.181633,
                -13.280798
              ],
              [
                136.145152,
                -13.120549
              ],
              [
                136.047214,
                -13.309849
              ],
              [
                136.012103,
                -13.21491
              ],
              [
                135.918654,
                -13.26843
              ],
              [
                135.879975,
                -13.36307
              ],
              [
                135.972985,
                -13.402329
              ],
              [
                135.859726,
                -13.44024
              ],
              [
                135.879388,
                -13.712039
              ],
              [
                135.956238,
                -13.743358
              ],
              [
                136.083056,
                -13.655457
              ],
              [
                135.909739,
                -13.990438
              ],
              [
                135.90359,
                -14.190517
              ],
              [
                135.702532,
                -14.271368
              ],
              [
                135.536614,
                -14.561138
              ],
              [
                135.541054,
                -14.652717
              ],
              [
                135.382075,
                -14.725738
              ],
              [
                135.478818,
                -14.97606
              ],
              [
                136.239712,
                -15.416088
              ],
              [
                136.317491,
                -15.625989
              ],
              [
                136.555458,
                -15.750398
              ],
              [
                136.724127,
                -15.696345
              ],
              [
                136.642787,
                -15.769127
              ],
              [
                136.706377,
                -15.931228
              ],
              [
                136.953246,
                -15.938334
              ],
              [
                136.977986,
                -15.850953
              ],
              [
                137.372604,
                -16.133349
              ],
              [
                137.729671,
                -16.232252
              ],
              [
                138.00118,
                -16.544509
              ],
              [
                137.999054,
                -25.996867
              ],
              [
                129.000584,
                -25.998613
              ],
              [
                129.001242,
                -14.879473
              ],
              [
                129.188919,
                -14.987173
              ],
              [
                129.15819,
                -15.197602
              ],
              [
                129.301618,
                -15.036533
              ],
              [
                129.233489,
                -15.008293
              ],
              [
                129.228428,
                -14.839373
              ],
              [
                129.482478,
                -14.94106
              ],
              [
                129.603903,
                -15.108006
              ],
              [
                129.563584,
                -15.179916
              ],
              [
                129.684983,
                -15.142667
              ],
              [
                129.499707,
                -14.790109
              ],
              [
                129.592117,
                -14.891009
              ],
              [
                129.577546,
                -14.798299
              ],
              [
                129.802541,
                -14.858017
              ],
              [
                129.90283,
                -14.773218
              ],
              [
                129.768981,
                -14.828028
              ],
              [
                129.81005,
                -14.760318
              ],
              [
                129.672401,
                -14.763468
              ],
              [
                129.583625,
                -14.616239
              ],
              [
                129.771549,
                -14.538709
              ],
              [
                129.526271,
                -14.55229
              ],
              [
                129.523065,
                -14.465559
              ],
              [
                129.453995,
                -14.44639
              ],
              [
                129.453185,
                -14.50506
              ],
              [
                129.356765,
                -14.42363
              ],
              [
                129.367015,
                -14.3381
              ],
              [
                129.512033,
                -14.127049
              ],
              [
                129.478982,
                -14.04793
              ],
              [
                129.556712,
                -14.142159
              ],
              [
                129.598097,
                -14.011061
              ],
              [
                129.746045,
                -13.975139
              ],
              [
                129.817322,
                -13.50176
              ],
              [
                129.897431,
                -13.44041
              ],
              [
                130.008369,
                -13.533339
              ],
              [
                130.277914,
                -13.334866
              ],
              [
                130.116176,
                -13.164139
              ],
              [
                130.141114,
                -12.933458
              ],
              [
                130.33824,
                -12.890117
              ],
              [
                130.352029,
                -12.670337
              ],
              [
                130.460885,
                -12.639176
              ],
              [
                130.517887,
                -12.731048
              ]
            ],
            [
              [
                136.493656,
                -13.13719
              ],
              [
                136.49489,
                -13.130756
              ],
              [
                136.49038,
                -13.135076
              ],
              [
                136.493656,
                -13.13719
              ]
            ],
            [
              [
                136.910529,
                -12.367723
              ],
              [
                136.87916,
                -12.366323
              ],
              [
                136.87282,
                -12.380653
              ],
              [
                136.910529,
                -12.367723
              ]
            ],
            [
              [
                136.489277,
                -12.056258
              ],
              [
                136.481587,
                -12.050148
              ],
              [
                136.464817,
                -12.050908
              ],
              [
                136.489277,
                -12.056258
              ]
            ],
            [
              [
                134.46031,
                -12.07059
              ],
              [
                134.447525,
                -12.074575
              ],
              [
                134.455485,
                -12.077815
              ],
              [
                134.46031,
                -12.07059
              ]
            ],
            [
              [
                130.624928,
                -12.769794
              ],
              [
                130.624345,
                -12.775105
              ],
              [
                130.635194,
                -12.774195
              ],
              [
                130.624928,
                -12.769794
              ]
            ],
            [
              [
                131.018004,
                -12.362999
              ],
              [
                131.018767,
                -12.37165
              ],
              [
                131.019277,
                -12.36212
              ],
              [
                131.018004,
                -12.362999
              ]
            ]
          ],
          [
            [
              [
                137.106124,
                -15.772531
              ],
              [
                137.074255,
                -15.846262
              ],
              [
                136.929805,
                -15.726463
              ],
              [
                136.991374,
                -15.584462
              ],
              [
                137.106124,
                -15.772531
              ]
            ]
          ],
          [
            [
              [
                137.074485,
                -15.854732
              ],
              [
                137.068885,
                -15.866252
              ],
              [
                137.067715,
                -15.857212
              ],
              [
                137.074485,
                -15.854732
              ]
            ]
          ],
          [
            [
              [
                136.964126,
                -14.165254
              ],
              [
                136.904367,
                -14.310504
              ],
              [
                136.437348,
                -14.1963
              ],
              [
                136.3247,
                -14.246111
              ],
              [
                136.442608,
                -14.123471
              ],
              [
                136.409232,
                -13.830973
              ],
              [
                136.566188,
                -13.829942
              ],
              [
                136.638016,
                -13.783551
              ],
              [
                136.577777,
                -13.687402
              ],
              [
                136.632126,
                -13.720561
              ],
              [
                136.728553,
                -13.65216
              ],
              [
                136.725352,
                -13.842279
              ],
              [
                136.837318,
                -13.842907
              ],
              [
                136.840528,
                -13.745188
              ],
              [
                136.924406,
                -13.806527
              ],
              [
                136.778908,
                -13.934017
              ],
              [
                136.807558,
                -14.035856
              ],
              [
                136.707081,
                -14.168987
              ],
              [
                136.964126,
                -14.165254
              ]
            ]
          ],
          [
            [
              [
                136.933315,
                -13.634437
              ],
              [
                136.951214,
                -13.648927
              ],
              [
                136.925485,
                -13.644537
              ],
              [
                136.933315,
                -13.634437
              ]
            ]
          ],
          [
            [
              [
                136.949935,
                -15.772453
              ],
              [
                136.940145,
                -15.768603
              ],
              [
                136.947145,
                -15.759343
              ],
              [
                136.949935,
                -15.772453
              ]
            ]
          ],
          [
            [
              [
                136.937355,
                -13.662817
              ],
              [
                136.929005,
                -13.667157
              ],
              [
                136.925815,
                -13.661827
              ],
              [
                136.937355,
                -13.662817
              ]
            ]
          ],
          [
            [
              [
                136.908506,
                -13.658408
              ],
              [
                136.900606,
                -13.678008
              ],
              [
                136.886987,
                -13.676088
              ],
              [
                136.908506,
                -13.658408
              ]
            ]
          ],
          [
            [
              [
                136.883325,
                -15.509132
              ],
              [
                136.845486,
                -15.647193
              ],
              [
                136.867255,
                -15.507522
              ],
              [
                136.883325,
                -15.509132
              ]
            ]
          ],
          [
            [
              [
                136.833155,
                -15.555473
              ],
              [
                136.827626,
                -15.585053
              ],
              [
                136.773566,
                -15.578634
              ],
              [
                136.833155,
                -15.555473
              ]
            ]
          ],
          [
            [
              [
                136.823708,
                -11.658686
              ],
              [
                136.824818,
                -11.676206
              ],
              [
                136.809578,
                -11.673236
              ],
              [
                136.823708,
                -11.658686
              ]
            ]
          ],
          [
            [
              [
                136.735426,
                -15.646665
              ],
              [
                136.791066,
                -15.684344
              ],
              [
                136.732167,
                -15.758026
              ],
              [
                136.735426,
                -15.646665
              ]
            ]
          ],
          [
            [
              [
                136.803376,
                -15.726074
              ],
              [
                136.815596,
                -15.746874
              ],
              [
                136.800787,
                -15.742225
              ],
              [
                136.803376,
                -15.726074
              ]
            ]
          ],
          [
            [
              [
                136.827308,
                -12.129923
              ],
              [
                136.796247,
                -12.106054
              ],
              [
                136.823977,
                -12.072784
              ],
              [
                136.827308,
                -12.129923
              ]
            ]
          ],
          [
            [
              [
                136.791256,
                -15.590644
              ],
              [
                136.791326,
                -15.615374
              ],
              [
                136.777236,
                -15.608004
              ],
              [
                136.791256,
                -15.590644
              ]
            ]
          ],
          [
            [
              [
                136.766169,
                -11.02851
              ],
              [
                136.684022,
                -11.24876
              ],
              [
                136.483889,
                -11.45655
              ],
              [
                136.706671,
                -11.16791
              ],
              [
                136.71279,
                -11.054701
              ],
              [
                136.766169,
                -11.02851
              ]
            ]
          ],
          [
            [
              [
                136.762108,
                -11.004551
              ],
              [
                136.747889,
                -11.020101
              ],
              [
                136.736599,
                -11.007311
              ],
              [
                136.762108,
                -11.004551
              ]
            ]
          ],
          [
            [
              [
                136.753982,
                -13.69057
              ],
              [
                136.733483,
                -13.6957
              ],
              [
                136.738182,
                -13.68636
              ],
              [
                136.753982,
                -13.69057
              ]
            ]
          ],
          [
            [
              [
                136.709109,
                -12.203675
              ],
              [
                136.700228,
                -12.228824
              ],
              [
                136.696638,
                -12.207066
              ],
              [
                136.709109,
                -12.203675
              ]
            ]
          ],
          [
            [
              [
                136.702274,
                -13.620411
              ],
              [
                136.701794,
                -13.634981
              ],
              [
                136.686344,
                -13.631341
              ],
              [
                136.702274,
                -13.620411
              ]
            ]
          ],
          [
            [
              [
                136.688384,
                -13.634971
              ],
              [
                136.680644,
                -13.647671
              ],
              [
                136.680894,
                -13.633101
              ],
              [
                136.688384,
                -13.634971
              ]
            ]
          ],
          [
            [
              [
                136.688153,
                -11.821446
              ],
              [
                136.669764,
                -11.836656
              ],
              [
                136.643024,
                -11.839746
              ],
              [
                136.688153,
                -11.821446
              ]
            ]
          ],
          [
            [
              [
                136.662425,
                -13.656321
              ],
              [
                136.676245,
                -13.678881
              ],
              [
                136.659665,
                -13.679681
              ],
              [
                136.662425,
                -13.656321
              ]
            ]
          ],
          [
            [
              [
                136.669456,
                -15.590506
              ],
              [
                136.673946,
                -15.612206
              ],
              [
                136.646446,
                -15.606156
              ],
              [
                136.669456,
                -15.590506
              ]
            ]
          ],
          [
            [
              [
                136.656735,
                -13.655251
              ],
              [
                136.647775,
                -13.665681
              ],
              [
                136.643706,
                -13.656942
              ],
              [
                136.656735,
                -13.655251
              ]
            ]
          ],
          [
            [
              [
                136.641666,
                -13.664142
              ],
              [
                136.631296,
                -13.673322
              ],
              [
                136.632236,
                -13.659552
              ],
              [
                136.641666,
                -13.664142
              ]
            ]
          ],
          [
            [
              [
                136.626427,
                -12.854485
              ],
              [
                136.621447,
                -12.868815
              ],
              [
                136.618247,
                -12.858525
              ],
              [
                136.626427,
                -12.854485
              ]
            ]
          ],
          [
            [
              [
                136.627212,
                -11.740267
              ],
              [
                136.579823,
                -11.788737
              ],
              [
                136.511514,
                -11.804927
              ],
              [
                136.533783,
                -11.760238
              ],
              [
                136.627212,
                -11.740267
              ]
            ]
          ],
          [
            [
              [
                136.617327,
                -15.555366
              ],
              [
                136.589687,
                -15.645317
              ],
              [
                136.494748,
                -15.643548
              ],
              [
                136.525328,
                -15.530947
              ],
              [
                136.617327,
                -15.555366
              ]
            ]
          ],
          [
            [
              [
                136.586297,
                -13.653812
              ],
              [
                136.591257,
                -13.667532
              ],
              [
                136.575547,
                -13.667042
              ],
              [
                136.586297,
                -13.653812
              ]
            ]
          ],
          [
            [
              [
                136.584137,
                -13.723062
              ],
              [
                136.574597,
                -13.729862
              ],
              [
                136.569678,
                -13.724392
              ],
              [
                136.584137,
                -13.723062
              ]
            ]
          ],
          [
            [
              [
                136.579127,
                -13.775322
              ],
              [
                136.573927,
                -13.787252
              ],
              [
                136.572087,
                -13.773762
              ],
              [
                136.579127,
                -13.775322
              ]
            ]
          ],
          [
            [
              [
                136.530929,
                -13.703463
              ],
              [
                136.4993,
                -13.782973
              ],
              [
                136.47113,
                -13.720553
              ],
              [
                136.530929,
                -13.703463
              ]
            ]
          ],
          [
            [
              [
                136.477444,
                -11.801248
              ],
              [
                136.486245,
                -11.884157
              ],
              [
                136.464126,
                -11.904068
              ],
              [
                136.477444,
                -11.801248
              ]
            ]
          ],
          [
            [
              [
                136.473819,
                -11.46797
              ],
              [
                136.44901,
                -11.53193
              ],
              [
                136.374201,
                -11.56564
              ],
              [
                136.366511,
                -11.53469
              ],
              [
                136.473819,
                -11.46797
              ]
            ]
          ],
          [
            [
              [
                136.457006,
                -11.897068
              ],
              [
                136.453816,
                -11.917408
              ],
              [
                136.434886,
                -11.919348
              ],
              [
                136.457006,
                -11.897068
              ]
            ]
          ],
          [
            [
              [
                136.408095,
                -11.855188
              ],
              [
                136.430276,
                -11.894948
              ],
              [
                136.366946,
                -11.902899
              ],
              [
                136.408095,
                -11.855188
              ]
            ]
          ],
          [
            [
              [
                136.419932,
                -13.631644
              ],
              [
                136.396723,
                -13.627855
              ],
              [
                136.417072,
                -13.621805
              ],
              [
                136.419932,
                -13.631644
              ]
            ]
          ],
          [
            [
              [
                136.400763,
                -13.714154
              ],
              [
                136.384133,
                -13.711174
              ],
              [
                136.380243,
                -13.694565
              ],
              [
                136.400763,
                -13.714154
              ]
            ]
          ],
          [
            [
              [
                136.383432,
                -13.313576
              ],
              [
                136.374872,
                -13.319426
              ],
              [
                136.369122,
                -13.313306
              ],
              [
                136.383432,
                -13.313576
              ]
            ]
          ],
          [
            [
              [
                136.377082,
                -11.58349
              ],
              [
                136.261463,
                -11.66216
              ],
              [
                136.159534,
                -11.693002
              ],
              [
                136.169523,
                -11.641032
              ],
              [
                136.230733,
                -11.645671
              ],
              [
                136.265112,
                -11.572561
              ],
              [
                136.377082,
                -11.58349
              ]
            ]
          ],
          [
            [
              [
                136.354713,
                -13.810264
              ],
              [
                136.368853,
                -13.841814
              ],
              [
                136.335423,
                -13.843754
              ],
              [
                136.354713,
                -13.810264
              ]
            ]
          ],
          [
            [
              [
                136.335427,
                -11.958279
              ],
              [
                136.323147,
                -11.961219
              ],
              [
                136.332897,
                -11.945279
              ],
              [
                136.335427,
                -11.958279
              ]
            ]
          ],
          [
            [
              [
                136.194678,
                -12.076601
              ],
              [
                136.132938,
                -12.025741
              ],
              [
                136.313057,
                -11.974099
              ],
              [
                136.194678,
                -12.076601
              ]
            ]
          ],
          [
            [
              [
                136.301774,
                -13.734425
              ],
              [
                136.247865,
                -13.850025
              ],
              [
                136.185656,
                -13.768176
              ],
              [
                136.105647,
                -13.815847
              ],
              [
                136.199615,
                -13.665286
              ],
              [
                136.301774,
                -13.734425
              ]
            ]
          ],
          [
            [
              [
                136.248234,
                -13.435917
              ],
              [
                136.244334,
                -13.461887
              ],
              [
                136.238744,
                -13.442667
              ],
              [
                136.248234,
                -13.435917
              ]
            ]
          ],
          [
            [
              [
                136.237355,
                -13.577536
              ],
              [
                136.235535,
                -13.603056
              ],
              [
                136.219295,
                -13.588427
              ],
              [
                136.237355,
                -13.577536
              ]
            ]
          ],
          [
            [
              [
                136.205063,
                -11.615271
              ],
              [
                136.195433,
                -11.629851
              ],
              [
                136.193373,
                -11.613802
              ],
              [
                136.205063,
                -11.615271
              ]
            ]
          ],
          [
            [
              [
                136.205914,
                -13.454747
              ],
              [
                136.140525,
                -13.564187
              ],
              [
                136.092594,
                -13.358278
              ],
              [
                136.150504,
                -13.384667
              ],
              [
                136.205914,
                -13.454747
              ]
            ]
          ],
          [
            [
              [
                136.1216,
                -12.167972
              ],
              [
                136.11385,
                -12.199192
              ],
              [
                136.10442,
                -12.189712
              ],
              [
                136.1216,
                -12.167972
              ]
            ]
          ],
          [
            [
              [
                136.155414,
                -11.696282
              ],
              [
                136.130864,
                -11.725312
              ],
              [
                136.138214,
                -11.682832
              ],
              [
                136.155414,
                -11.696282
              ]
            ]
          ],
          [
            [
              [
                136.122792,
                -11.544183
              ],
              [
                136.108792,
                -11.567003
              ],
              [
                136.110642,
                -11.547903
              ],
              [
                136.122792,
                -11.544183
              ]
            ]
          ],
          [
            [
              [
                136.082195,
                -13.443638
              ],
              [
                136.082655,
                -13.471998
              ],
              [
                136.074755,
                -13.482588
              ],
              [
                136.082195,
                -13.443638
              ]
            ]
          ],
          [
            [
              [
                136.104595,
                -11.746202
              ],
              [
                136.074655,
                -11.771272
              ],
              [
                136.077645,
                -11.752752
              ],
              [
                136.104595,
                -11.746202
              ]
            ]
          ],
          [
            [
              [
                136.095613,
                -13.298418
              ],
              [
                136.091934,
                -13.321738
              ],
              [
                136.077964,
                -13.298008
              ],
              [
                136.095613,
                -13.298418
              ]
            ]
          ],
          [
            [
              [
                136.090453,
                -11.582703
              ],
              [
                136.079783,
                -11.604843
              ],
              [
                136.077273,
                -11.586763
              ],
              [
                136.090453,
                -11.582703
              ]
            ]
          ],
          [
            [
              [
                136.071371,
                -12.276932
              ],
              [
                136.048332,
                -12.310882
              ],
              [
                136.048061,
                -12.284882
              ],
              [
                136.071371,
                -12.276932
              ]
            ]
          ],
          [
            [
              [
                136.062573,
                -11.627993
              ],
              [
                136.062794,
                -11.646863
              ],
              [
                136.054544,
                -11.641323
              ],
              [
                136.062573,
                -11.627993
              ]
            ]
          ],
          [
            [
              [
                136.024164,
                -11.639043
              ],
              [
                135.993385,
                -11.719243
              ],
              [
                135.950175,
                -11.696043
              ],
              [
                136.024164,
                -11.639043
              ]
            ]
          ],
          [
            [
              [
                136.050906,
                -11.786292
              ],
              [
                136.028756,
                -11.812382
              ],
              [
                136.041156,
                -11.783802
              ],
              [
                136.050906,
                -11.786292
              ]
            ]
          ],
          [
            [
              [
                136.026079,
                -12.103583
              ],
              [
                136.036989,
                -12.106052
              ],
              [
                136.028,
                -12.159433
              ],
              [
                136.026079,
                -12.103583
              ]
            ]
          ],
          [
            [
              [
                135.982267,
                -11.848053
              ],
              [
                135.980657,
                -11.856643
              ],
              [
                135.945968,
                -11.904633
              ],
              [
                135.942087,
                -11.879653
              ],
              [
                135.982267,
                -11.848053
              ]
            ]
          ],
          [
            [
              [
                135.952666,
                -11.732653
              ],
              [
                135.960546,
                -11.760233
              ],
              [
                135.940016,
                -11.763943
              ],
              [
                135.952666,
                -11.732653
              ]
            ]
          ],
          [
            [
              [
                135.975744,
                -13.343869
              ],
              [
                135.961334,
                -13.32138
              ],
              [
                135.971894,
                -13.327589
              ],
              [
                135.975744,
                -13.343869
              ]
            ]
          ],
          [
            [
              [
                135.594139,
                -11.950766
              ],
              [
                135.900167,
                -11.808203
              ],
              [
                135.876486,
                -11.755624
              ],
              [
                135.928196,
                -11.775003
              ],
              [
                135.797619,
                -11.964684
              ],
              [
                135.564621,
                -12.069766
              ],
              [
                135.594139,
                -11.950766
              ]
            ]
          ],
          [
            [
              [
                135.725882,
                -14.834766
              ],
              [
                135.764091,
                -14.901775
              ],
              [
                135.686912,
                -14.903775
              ],
              [
                135.725882,
                -14.834766
              ]
            ]
          ],
          [
            [
              [
                135.735122,
                -14.287987
              ],
              [
                135.732922,
                -14.295087
              ],
              [
                135.728052,
                -14.291247
              ],
              [
                135.735122,
                -14.287987
              ]
            ]
          ],
          [
            [
              [
                135.630353,
                -14.496197
              ],
              [
                135.607973,
                -14.516337
              ],
              [
                135.603083,
                -14.490337
              ],
              [
                135.630353,
                -14.496197
              ]
            ]
          ],
          [
            [
              [
                135.157139,
                -11.686159
              ],
              [
                135.156499,
                -11.705709
              ],
              [
                135.150139,
                -11.687599
              ],
              [
                135.157139,
                -11.686159
              ]
            ]
          ],
          [
            [
              [
                135.122481,
                -11.927419
              ],
              [
                135.056951,
                -11.95451
              ],
              [
                135.047021,
                -11.94068
              ],
              [
                135.057091,
                -11.91925
              ],
              [
                135.122481,
                -11.927419
              ]
            ]
          ],
          [
            [
              [
                134.997853,
                -12.07227
              ],
              [
                134.989573,
                -12.09383
              ],
              [
                134.976433,
                -12.06569
              ],
              [
                134.997853,
                -12.07227
              ]
            ]
          ],
          [
            [
              [
                134.954352,
                -12.01423
              ],
              [
                134.944023,
                -12.06261
              ],
              [
                134.908513,
                -12.023371
              ],
              [
                134.954352,
                -12.01423
              ]
            ]
          ],
          [
            [
              [
                134.952263,
                -12.07123
              ],
              [
                134.951433,
                -12.09306
              ],
              [
                134.942153,
                -12.07099
              ],
              [
                134.952263,
                -12.07123
              ]
            ]
          ],
          [
            [
              [
                134.924743,
                -12.051931
              ],
              [
                134.925893,
                -12.064361
              ],
              [
                134.917413,
                -12.054151
              ],
              [
                134.924743,
                -12.051931
              ]
            ]
          ],
          [
            [
              [
                134.906383,
                -12.065451
              ],
              [
                134.869064,
                -12.125941
              ],
              [
                134.847613,
                -12.042931
              ],
              [
                134.906383,
                -12.065451
              ]
            ]
          ],
          [
            [
              [
                134.839813,
                -12.006591
              ],
              [
                134.851123,
                -12.037691
              ],
              [
                134.826853,
                -12.020282
              ],
              [
                134.839813,
                -12.006591
              ]
            ]
          ],
          [
            [
              [
                134.809833,
                -12.016702
              ],
              [
                134.798153,
                -12.033082
              ],
              [
                134.798003,
                -12.016802
              ],
              [
                134.809833,
                -12.016702
              ]
            ]
          ],
          [
            [
              [
                134.222104,
                -11.953928
              ],
              [
                134.217524,
                -11.963648
              ],
              [
                134.207884,
                -11.962188
              ],
              [
                134.222104,
                -11.953928
              ]
            ]
          ],
          [
            [
              [
                134.172666,
                -12.089399
              ],
              [
                134.172076,
                -12.112479
              ],
              [
                134.166766,
                -12.107199
              ],
              [
                134.172666,
                -12.089399
              ]
            ]
          ],
          [
            [
              [
                133.466588,
                -11.464312
              ],
              [
                133.434468,
                -11.505993
              ],
              [
                133.383088,
                -11.543123
              ],
              [
                133.466588,
                -11.464312
              ]
            ]
          ],
          [
            [
              [
                133.481727,
                -11.615863
              ],
              [
                133.370208,
                -11.681545
              ],
              [
                133.349518,
                -11.623434
              ],
              [
                133.409407,
                -11.584394
              ],
              [
                133.481727,
                -11.615863
              ]
            ]
          ],
          [
            [
              [
                133.016762,
                -11.067574
              ],
              [
                132.994182,
                -11.087524
              ],
              [
                132.977682,
                -11.043774
              ],
              [
                133.016762,
                -11.067574
              ]
            ]
          ],
          [
            [
              [
                132.917283,
                -11.139894
              ],
              [
                132.876693,
                -11.170075
              ],
              [
                132.857293,
                -11.146075
              ],
              [
                132.917283,
                -11.139894
              ]
            ]
          ],
          [
            [
              [
                132.858583,
                -11.044854
              ],
              [
                132.870213,
                -11.060475
              ],
              [
                132.852374,
                -11.058625
              ],
              [
                132.858583,
                -11.044854
              ]
            ]
          ],
          [
            [
              [
                132.832344,
                -10.973844
              ],
              [
                132.825534,
                -10.998114
              ],
              [
                132.819094,
                -10.967934
              ],
              [
                132.832344,
                -10.973844
              ]
            ]
          ],
          [
            [
              [
                132.803154,
                -11.388587
              ],
              [
                132.780134,
                -11.389427
              ],
              [
                132.775364,
                -11.375857
              ],
              [
                132.803154,
                -11.388587
              ]
            ]
          ],
          [
            [
              [
                132.733055,
                -11.285586
              ],
              [
                132.730725,
                -11.295746
              ],
              [
                132.719755,
                -11.289386
              ],
              [
                132.733055,
                -11.285586
              ]
            ]
          ],
          [
            [
              [
                132.659535,
                -11.187756
              ],
              [
                132.660375,
                -11.211146
              ],
              [
                132.643096,
                -11.210186
              ],
              [
                132.659535,
                -11.187756
              ]
            ]
          ],
          [
            [
              [
                132.587027,
                -10.987207
              ],
              [
                132.631276,
                -11.186196
              ],
              [
                132.587976,
                -11.355817
              ],
              [
                132.462417,
                -11.032556
              ],
              [
                132.587027,
                -10.987207
              ]
            ]
          ],
          [
            [
              [
                132.462976,
                -11.621425
              ],
              [
                132.457206,
                -11.628745
              ],
              [
                132.447386,
                -11.621024
              ],
              [
                132.462976,
                -11.621425
              ]
            ]
          ],
          [
            [
              [
                132.401394,
                -12.076163
              ],
              [
                132.387504,
                -12.138923
              ],
              [
                132.336074,
                -12.085743
              ],
              [
                132.401394,
                -12.076163
              ]
            ]
          ],
          [
            [
              [
                132.360224,
                -12.170493
              ],
              [
                132.352034,
                -12.188993
              ],
              [
                132.354064,
                -12.155233
              ],
              [
                132.360224,
                -12.170493
              ]
            ]
          ],
          [
            [
              [
                132.339558,
                -11.524334
              ],
              [
                132.333298,
                -11.540794
              ],
              [
                132.334678,
                -11.514484
              ],
              [
                132.339558,
                -11.524334
              ]
            ]
          ],
          [
            [
              [
                132.303518,
                -11.563803
              ],
              [
                132.314678,
                -11.600213
              ],
              [
                132.295728,
                -11.586683
              ],
              [
                132.303518,
                -11.563803
              ]
            ]
          ],
          [
            [
              [
                132.174529,
                -11.584052
              ],
              [
                132.167879,
                -11.585152
              ],
              [
                132.170329,
                -11.576692
              ],
              [
                132.174529,
                -11.584052
              ]
            ]
          ],
          [
            [
              [
                132.134979,
                -11.568942
              ],
              [
                132.1111,
                -11.620522
              ],
              [
                132.121939,
                -11.564812
              ],
              [
                132.134979,
                -11.568942
              ]
            ]
          ],
          [
            [
              [
                131.96489,
                -11.483821
              ],
              [
                131.95367,
                -11.486501
              ],
              [
                131.94843,
                -11.473731
              ],
              [
                131.96489,
                -11.483821
              ]
            ]
          ],
          [
            [
              [
                130.402355,
                -11.363409
              ],
              [
                130.401657,
                -11.166135
              ],
              [
                130.594844,
                -11.289212
              ],
              [
                130.568295,
                -11.397611
              ],
              [
                130.656573,
                -11.33596
              ],
              [
                130.705871,
                -11.513636
              ],
              [
                130.823969,
                -11.538364
              ],
              [
                130.704562,
                -11.385318
              ],
              [
                130.897309,
                -11.308917
              ],
              [
                131.031607,
                -11.367293
              ],
              [
                131.147747,
                -11.249875
              ],
              [
                131.209336,
                -11.344062
              ],
              [
                131.277136,
                -11.189525
              ],
              [
                131.305105,
                -11.274583
              ],
              [
                131.435824,
                -11.265902
              ],
              [
                131.456474,
                -11.41957
              ],
              [
                131.543133,
                -11.4522
              ],
              [
                131.464973,
                -11.49786
              ],
              [
                131.469803,
                -11.608099
              ],
              [
                131.369105,
                -11.580943
              ],
              [
                131.280395,
                -11.739789
              ],
              [
                130.949287,
                -11.9401
              ],
              [
                130.862288,
                -11.854651
              ],
              [
                130.492625,
                -11.654929
              ],
              [
                130.402355,
                -11.363409
              ]
            ],
            [
              [
                131.368928,
                -11.580902
              ],
              [
                131.355714,
                -11.577809
              ],
              [
                131.366011,
                -11.585757
              ],
              [
                131.368928,
                -11.580902
              ]
            ],
            [
              [
                130.40278,
                -11.361488
              ],
              [
                130.408338,
                -11.360024
              ],
              [
                130.404198,
                -11.355064
              ],
              [
                130.40278,
                -11.361488
              ]
            ]
          ],
          [
            [
              [
                131.349525,
                -12.096889
              ],
              [
                131.355314,
                -12.111099
              ],
              [
                131.345445,
                -12.111019
              ],
              [
                131.349525,
                -12.096889
              ]
            ]
          ],
          [
            [
              [
                131.127138,
                -12.000961
              ],
              [
                131.111884,
                -12.023833
              ],
              [
                131.072878,
                -12.01497
              ],
              [
                131.127138,
                -12.000961
              ]
            ]
          ],
          [
            [
              [
                131.098346,
                -12.052749
              ],
              [
                131.105986,
                -12.075329
              ],
              [
                131.061766,
                -12.069439
              ],
              [
                131.098346,
                -12.052749
              ]
            ]
          ],
          [
            [
              [
                131.039416,
                -12.031979
              ],
              [
                131.032466,
                -12.058319
              ],
              [
                131.001917,
                -12.052389
              ],
              [
                131.039416,
                -12.031979
              ]
            ]
          ],
          [
            [
              [
                131.030606,
                -12.098989
              ],
              [
                131.036536,
                -12.127899
              ],
              [
                131.012397,
                -12.118239
              ],
              [
                131.030606,
                -12.098989
              ]
            ]
          ],
          [
            [
              [
                130.872399,
                -12.548151
              ],
              [
                130.863219,
                -12.560362
              ],
              [
                130.864119,
                -12.546131
              ],
              [
                130.872399,
                -12.548151
              ]
            ]
          ],
          [
            [
              [
                130.660881,
                -11.814464
              ],
              [
                130.646951,
                -11.821274
              ],
              [
                130.645651,
                -11.809625
              ],
              [
                130.660881,
                -11.814464
              ]
            ]
          ],
          [
            [
              [
                130.212679,
                -11.712187
              ],
              [
                130.206591,
                -11.724844
              ],
              [
                130.237231,
                -11.746623
              ],
              [
                130.223001,
                -11.670414
              ],
              [
                130.305919,
                -11.733012
              ],
              [
                130.174831,
                -11.557845
              ],
              [
                130.2833,
                -11.539854
              ],
              [
                130.147981,
                -11.482066
              ],
              [
                130.337428,
                -11.318615
              ],
              [
                130.468346,
                -11.666179
              ],
              [
                130.641115,
                -11.756842
              ],
              [
                130.603662,
                -11.827085
              ],
              [
                130.023794,
                -11.797326
              ],
              [
                130.076503,
                -11.669096
              ],
              [
                130.202311,
                -11.649434
              ],
              [
                130.212679,
                -11.712187
              ]
            ],
            [
              [
                130.212108,
                -11.709274
              ],
              [
                130.211251,
                -11.704904
              ],
              [
                130.204951,
                -11.706724
              ],
              [
                130.212108,
                -11.709274
              ]
            ]
          ],
          [
            [
              [
                130.342921,
                -11.327712
              ],
              [
                130.341914,
                -11.325964
              ],
              [
                130.342258,
                -11.325835
              ],
              [
                130.342921,
                -11.327712
              ]
            ]
          ],
          [
            [
              [
                130.544335,
                -12.704475
              ],
              [
                130.486644,
                -12.623655
              ],
              [
                130.517302,
                -12.557594
              ],
              [
                130.502953,
                -12.610255
              ],
              [
                130.544335,
                -12.704475
              ]
            ]
          ],
          [
            [
              [
                130.420655,
                -12.563576
              ],
              [
                130.416766,
                -12.592066
              ],
              [
                130.405366,
                -12.573876
              ],
              [
                130.420655,
                -12.563576
              ]
            ]
          ],
          [
            [
              [
                130.404336,
                -12.581336
              ],
              [
                130.400667,
                -12.601807
              ],
              [
                130.391797,
                -12.587107
              ],
              [
                130.404336,
                -12.581336
              ]
            ]
          ],
          [
            [
              [
                130.408387,
                -12.608127
              ],
              [
                130.401827,
                -12.615137
              ],
              [
                130.385017,
                -12.602487
              ],
              [
                130.408387,
                -12.608127
              ]
            ]
          ],
          [
            [
              [
                130.370648,
                -12.619457
              ],
              [
                130.386428,
                -12.643077
              ],
              [
                130.368478,
                -12.642067
              ],
              [
                130.370648,
                -12.619457
              ]
            ]
          ],
          [
            [
              [
                130.101936,
                -13.194009
              ],
              [
                130.085006,
                -13.209869
              ],
              [
                130.090966,
                -13.192789
              ],
              [
                130.101936,
                -13.194009
              ]
            ]
          ],
          [
            [
              [
                130.075006,
                -13.17124
              ],
              [
                130.020437,
                -13.17982
              ],
              [
                130.018477,
                -13.11122
              ],
              [
                130.027657,
                -13.15087
              ],
              [
                130.075006,
                -13.17124
              ]
            ]
          ],
          [
            [
              [
                129.732061,
                -14.804138
              ],
              [
                129.698121,
                -14.809508
              ],
              [
                129.670741,
                -14.784378
              ],
              [
                129.732061,
                -14.804138
              ]
            ]
          ]
        ]
      }
    },
    {
      "type": "Feature",
      "properties": {
        "STATE_NAME": "Australian Capital Territory",
        "STATE_CODE": "8"
      },
      "geometry": {
        "type": "Polygon",
        "coordinates": [
          [
            [
              149.399284,
              -35.319175
            ],
            [
              149.146586,
              -35.414836
            ],
            [
              149.095682,
              -35.845716
            ],
            [
              149.048811,
              -35.92041
            ],
            [
              148.959133,
              -35.895456
            ],
            [
              148.886633,
              -35.719136
            ],
            [
              148.855652,
              -35.760874
            ],
            [
              148.767495,
              -35.647323
            ],
            [
              148.807854,
              -35.309647
            ],
            [
              149.120902,
              -35.124517
            ],
            [
              149.399284,
              -35.319175
            ]
          ],
          [
            [
              149.153176,
              -35.304976
            ],
            [
              149.114443,
              -35.280492
            ],
            [
              149.101406,
              -35.294277
            ],
            [
              149.099252,
              -35.2856
            ],
            [
              149.08803,
              -35.28515
            ],
            [
              149.071123,
              -35.298567
            ],
            [
              149.153176,
              -35.304976
            ]
          ]
        ]
      }
    }
  ]
}
